Timestamp,AccX,AccY,AccZ,GyrX,GyrY,GyrZ
2026-05-22T15:35:18.342570,0.0,0.0,0.0,0.0,-0.0,0.0
2026-05-22T15:35:18.343053,0.0,0.0,0.0,0.0,-0.0,0.0
2026-05-22T15:35:18.343845,0.0,0.0,0.0,0.0,-0.0,0.0
2026-05-22T15:35:18.372115,0.0,0.0,0.0,0.0,-0.0,0.0
2026-05-22T15:35:18.372687,0.0,0.0,0.0,0.0,-0.0,0.0
2026-05-22T15:35:18.372837,0.0,0.0,0.0,0.0,-0.0,0.0
2026-05-22T15:35:18.401808,0.0,0.0,0.0,0.0,-0.0,0.0
2026-05-22T15:35:18.402291,0.0,0.0,0.0,0.0,-0.0,0.0
2026-05-22T15:35:18.402392,0.0,0.0,0.0,0.0,-0.0,0.0
2026-05-22T15:35:18.431194,0.0,0.0,0.0,0.0,-0.0,0.0
2026-05-22T15:35:18.431861,0.0,0.0,0.0,0.0,-0.0,0.0
2026-05-22T15:35:18.434903,0.0,0.0,0.0,0.0,-0.0,0.0
2026-05-22T15:35:18.462119,0.0,0.0,0.0,0.0,-0.0,0.0
2026-05-22T15:35:18.463112,0.0,0.0,0.0,0.0,-0.0,0.0
2026-05-22T15:35:18.463271,0.0,0.0,0.0,0.0,-0.0,0.0
2026-05-22T15:35:18.493674,0.0,0.0,0.0,0.0,-0.0,0.0
2026-05-22T15:35:18.494276,0.0,0.0,0.0,0.0,-0.0,0.0
2026-05-22T15:35:18.494660,0.0,0.0,0.0,0.0,-0.0,0.0
2026-05-22T15:35:18.524538,0.0,0.0,0.0,0.0,-0.0,0.0
2026-05-22T15:35:18.525088,0.0,0.0,0.0,0.0,-0.0,0.0
2026-05-22T15:35:18.553255,0.0,0.0,0.0,0.0,-0.0,0.0
2026-05-22T15:35:18.553859,0.0,0.0,0.0,0.0,-0.0,0.0
2026-05-22T15:35:18.554006,0.0,0.0,0.0,0.0,-0.0,0.0
2026-05-22T15:35:18.554130,0.0,0.0,0.0,0.0,-0.0,0.0
2026-05-22T15:35:18.581327,0.0,0.0,0.0,0.0,-0.0,0.0
2026-05-22T15:35:18.582175,0.0,0.0,0.0,0.0,-0.0,0.0
2026-05-22T15:35:18.582429,0.0,0.0,0.0,0.0,-0.0,0.0
2026-05-22T15:35:18.611358,0.0,0.0,0.0,0.0,-0.0,0.0
2026-05-22T15:35:18.612074,0.0,0.0,0.0,0.0,-0.0,0.0
2026-05-22T15:35:18.613793,0.0,0.0,0.0,0.0,-0.0,0.0
2026-05-22T15:35:18.642944,0.0,0.0,0.0,0.0,-0.0,0.0
2026-05-22T15:35:18.643344,0.0,0.0,0.0,0.0,-0.0,0.0
2026-05-22T15:35:18.643427,0.0,0.0,0.0,0.0,-0.0,0.0
2026-05-22T15:35:18.671651,0.0,0.0,0.0,0.0,-0.0,0.0
2026-05-22T15:35:18.672137,0.0,0.0,0.0,0.0,-0.0,0.0
2026-05-22T15:35:18.673773,0.0,0.0,0.0,0.0,-0.0,0.0
2026-05-22T15:35:18.703214,0.0,0.0,0.0,0.0,-0.0,0.0
2026-05-22T15:35:18.703712,0.0,0.0,0.0,0.0,-0.0,0.0
2026-05-22T15:35:18.703850,0.0,0.0,0.0,0.0,-0.0,0.0
2026-05-22T15:35:18.732990,0.0,0.0,0.0,0.0,-0.0,0.0
2026-05-22T15:35:18.733483,0.0,0.0,0.0,0.0,-0.0,0.0
2026-05-22T15:35:18.733789,0.0,0.0,0.0,0.0,-0.0,0.0
2026-05-22T15:35:18.762785,0.0,0.0,0.0,0.0,-0.0,0.0
2026-05-22T15:35:18.763250,0.0,0.0,0.0,0.0,-0.0,0.0
2026-05-22T15:35:18.763433,0.0,0.0,0.0,0.0,-0.0,0.0
2026-05-22T15:35:18.791694,0.0,0.0,0.0,0.0,-0.0,0.0
2026-05-22T15:35:18.792213,0.0,0.0,0.0,0.0,-0.0,0.0
2026-05-22T15:35:18.793591,0.0,0.0,0.0,0.0,-0.0,0.0
2026-05-22T15:35:18.822923,0.0,0.0,0.0,0.0,-0.0,0.0
2026-05-22T15:35:18.823338,0.0,0.0,0.0,0.0,-0.0,0.0
2026-05-22T15:35:18.852572,0.0,0.0,0.0,0.0,-0.0,0.0
2026-05-22T15:35:18.852934,0.0,0.0,0.0,0.0,-0.0,0.0
2026-05-22T15:35:18.853066,0.0,0.0,0.0,0.0,-0.0,0.0
2026-05-22T15:35:18.853166,0.0,0.0,0.0,0.0,-0.0,0.0
2026-05-22T15:35:18.881405,0.0,0.0,0.0,0.0,-0.0,0.0
2026-05-22T15:35:18.882367,0.0,0.0,0.0,0.0,-0.0,0.0
2026-05-22T15:35:18.882729,0.0,0.0,0.0,0.0,-0.0,0.0
2026-05-22T15:35:18.911394,0.0,0.0,0.0,0.0,-0.0,0.0
2026-05-22T15:35:18.912700,0.0,0.0,0.0,0.0,-0.0,0.0
2026-05-22T15:35:18.913323,0.0,0.0,0.0,0.0,-0.0,0.0
2026-05-22T15:35:18.941553,0.0,0.0,0.0,0.0,-0.0,0.0
2026-05-22T15:35:18.942187,0.0,0.0,0.0,0.0,-0.0,0.0
2026-05-22T15:35:18.942324,0.0,0.0,0.0,0.0,-0.0,0.0
2026-05-22T15:35:18.971638,0.0,0.0,0.0,0.0,-0.0,0.0
2026-05-22T15:35:18.972186,0.0,0.0,0.0,0.0,-0.0,0.0
2026-05-22T15:35:18.975187,0.0,0.0,0.0,0.0,-0.0,0.0
2026-05-22T15:35:19.002834,0.0,0.0,0.0,0.0,-0.0,0.0
2026-05-22T15:35:19.003480,0.0,0.0,0.0,0.0,-0.0,0.0
2026-05-22T15:35:19.003636,0.0,0.0,0.0,0.0,-0.0,0.0
2026-05-22T15:35:19.031764,0.0,0.0,0.0,0.0,-0.0,0.0
2026-05-22T15:35:19.032287,0.0,0.0,0.0,0.0,-0.0,0.0
2026-05-22T15:35:19.033752,0.0,0.0,0.0,0.0,-0.0,0.0
2026-05-22T15:35:19.062797,0.0,0.0,0.0,0.0,-0.0,0.0
2026-05-22T15:35:19.063533,0.0,0.0,0.0,0.0,-0.0,0.0
2026-05-22T15:35:19.063736,0.0,0.0,0.0,0.0,-0.0,0.0
2026-05-22T15:35:19.091794,0.0,0.0,0.0,0.0,-0.0,0.0
2026-05-22T15:35:19.092395,0.0,0.0,0.0,0.0,-0.0,0.0
2026-05-22T15:35:19.093749,0.0,0.0,0.0,0.0,-0.0,0.0
2026-05-22T15:35:19.122857,0.0,0.0,0.0,0.0,-0.0,0.0
2026-05-22T15:35:19.123384,0.0,0.0,0.0,0.0,-0.0,0.0
2026-05-22T15:35:19.151387,0.0,0.0,0.0,0.0,-0.0,0.0
2026-05-22T15:35:19.152058,0.0,0.0,0.0,0.0,-0.0,0.0
2026-05-22T15:35:19.152303,0.0,0.0,0.0,0.0,-0.0,0.0
2026-05-22T15:35:19.153157,0.0,0.0,0.0,0.0,-0.0,0.0
2026-05-22T15:35:19.181446,0.0,0.0,0.0,0.0,-0.0,0.0
2026-05-22T15:35:19.182584,0.0,0.0,0.0,0.0,-0.0,0.0
2026-05-22T15:35:19.182880,0.0,0.0,0.0,0.0,-0.0,0.0
2026-05-22T15:35:19.211930,0.0,0.0,0.0,0.0,-0.0,0.0
2026-05-22T15:35:19.212727,0.0,0.0,0.0,0.0,-0.0,0.0
2026-05-22T15:35:19.241626,0.0,0.0,0.0,0.0,-0.0,0.0
2026-05-22T15:35:19.242253,0.0,0.0,0.0,0.0,-0.0,0.0
2026-05-22T15:35:19.243448,0.0,0.0,0.0,0.0,-0.0,0.0
2026-05-22T15:35:19.271669,0.0,0.0,0.0,0.0,-0.0,0.0
2026-05-22T15:35:19.272316,0.0,0.0,0.0,0.0,-0.0,0.0
2026-05-22T15:35:19.272493,0.0,0.0,0.0,0.0,-0.0,0.0
2026-05-22T15:35:19.273371,0.0,0.0,0.0,0.0,-0.0,0.0
2026-05-22T15:35:19.301597,0.0,0.0,0.0,0.0,-0.0,0.0
2026-05-22T15:35:19.302206,0.0,0.0,0.0,0.0,-0.0,0.0
2026-05-22T15:35:19.302466,0.0,0.0,0.0,0.0,-0.0,0.0
2026-05-22T15:35:19.331612,0.0,0.0,0.0,0.0,-0.0,0.0
2026-05-22T15:35:19.332050,0.0,0.0,0.0,0.0,-0.0,0.0
2026-05-22T15:35:19.334516,0.0,0.0,0.0,0.0,-0.0,0.0
2026-05-22T15:35:19.362743,0.0,0.0,0.0,0.0,-0.0,0.0
2026-05-22T15:35:19.363281,0.0,0.0,0.0,0.0,-0.0,0.0
2026-05-22T15:35:19.363422,0.0,0.0,0.0,0.0,-0.0,0.0
2026-05-22T15:35:19.391761,0.0,0.0,0.0,0.0,-0.0,0.0
2026-05-22T15:35:19.392721,0.0,0.0,0.0,0.0,-0.0,0.0
2026-05-22T15:35:19.393025,0.0,0.0,0.0,0.0,-0.0,0.0
2026-05-22T15:35:19.422303,0.0,0.0,0.0,0.0,-0.0,0.0
2026-05-22T15:35:19.422712,0.0,0.0,0.0,0.0,-0.0,0.0
2026-05-22T15:35:19.451229,0.0,0.0,0.0,0.0,-0.0,0.0
2026-05-22T15:35:19.452174,0.0,0.0,0.0,0.0,-0.0,0.0
2026-05-22T15:35:19.452508,0.0,0.0,0.0,0.0,-0.0,0.0
2026-05-22T15:35:19.453197,0.0,0.0,0.0,0.0,-0.0,0.0
2026-05-22T15:35:19.482847,0.0,0.0,0.0,0.0,-0.0,0.0
2026-05-22T15:35:19.483221,0.0,0.0,0.0,0.0,-0.0,0.0
2026-05-22T15:35:19.483597,0.0,0.0,0.0,0.0,-0.0,0.0
2026-05-22T15:35:19.513464,0.0,0.0,0.0,0.0,-0.0,0.0
2026-05-22T15:35:19.513933,0.0,0.0,0.0,0.0,-0.0,0.0
2026-05-22T15:35:19.542662,0.0,0.0,0.0,0.0,-0.0,0.0
2026-05-22T15:35:19.543309,0.0,0.0,0.0,0.0,-0.0,0.0
2026-05-22T15:35:19.543469,0.0,0.0,0.0,0.0,-0.0,0.0
2026-05-22T15:35:19.545541,0.0,0.0,0.0,0.0,-0.0,0.0
2026-05-22T15:35:19.573968,0.0,0.0,0.0,0.0,-0.0,0.0
2026-05-22T15:35:19.574447,0.0,0.0,0.0,0.0,-0.0,0.0
2026-05-22T15:35:19.576301,0.0,0.0,0.0,0.0,-0.0,0.0
2026-05-22T15:35:19.603336,0.0,0.0,0.0,0.0,-0.0,0.0
2026-05-22T15:35:19.603867,0.0,0.0,0.0,0.0,-0.0,0.0
2026-05-22T15:35:19.603998,0.0,0.0,0.0,0.0,-0.0,0.0
2026-05-22T15:35:19.631697,0.0,0.0,0.0,0.0,-0.0,0.0
2026-05-22T15:35:19.632213,0.0,0.0,0.0,0.0,-0.0,0.0
2026-05-22T15:35:19.633995,0.0,0.0,0.0,0.0,-0.0,0.0
2026-05-22T15:35:19.663690,0.0,0.0,0.0,0.0,-0.0,0.0
2026-05-22T15:35:19.664240,0.0,0.0,0.0,0.0,-0.0,0.0
2026-05-22T15:35:19.692252,0.0,0.0,0.0,0.0,-0.0,0.0
2026-05-22T15:35:19.692988,0.0,0.0,0.0,0.0,-0.0,0.0
2026-05-22T15:35:19.693321,0.0,0.0,0.0,0.0,-0.0,0.0
2026-05-22T15:35:19.694968,0.0,0.0,0.0,0.0,-0.0,0.0
2026-05-22T15:35:19.722779,0.0,0.0,0.0,0.0,-0.0,0.0
2026-05-22T15:35:19.723309,0.0,0.0,0.0,0.0,-0.0,0.0
2026-05-22T15:35:19.753223,0.0,0.0,0.0,0.0,-0.0,0.0
2026-05-22T15:35:19.753794,0.0,0.0,0.0,0.0,-0.0,0.0
2026-05-22T15:35:19.753958,0.0,0.0,0.0,0.0,-0.0,0.0
2026-05-22T15:35:19.781373,0.0,0.0,0.0,0.0,-0.0,0.0
2026-05-22T15:35:19.782347,0.0,0.0,0.0,0.0,-0.0,0.0
2026-05-22T15:35:19.782678,0.0,0.0,0.0,0.0,-0.0,0.0
2026-05-22T15:35:19.783262,0.0,0.0,0.0,0.0,-0.0,0.0
2026-05-22T15:35:19.811552,0.0,0.0,0.0,0.0,-0.0,0.0
2026-05-22T15:35:19.812427,0.0,0.0,0.0,0.0,-0.0,0.0
2026-05-22T15:35:19.814026,0.0,0.0,0.0,0.0,-0.0,0.0
2026-05-22T15:35:19.844503,0.0,0.0,0.0,0.0,-0.0,0.0
2026-05-22T15:35:19.845428,0.0,0.0,0.0,0.0,-0.0,0.0
2026-05-22T15:35:19.845734,0.0,0.0,0.0,0.0,-0.0,0.0
2026-05-22T15:35:19.872839,0.0,0.0,0.0,0.0,-0.0,0.0
2026-05-22T15:35:19.873487,0.0,0.0,0.0,0.0,-0.0,0.0
2026-05-22T15:35:19.873974,0.0,0.0,0.0,0.0,-0.0,0.0
2026-05-22T15:35:19.902835,0.0,0.0,0.0,0.0,-0.0,0.0
2026-05-22T15:35:19.903376,0.0,0.0,0.0,0.0,-0.0,0.0
2026-05-22T15:35:19.903489,0.0,0.0,0.0,0.0,-0.0,0.0
2026-05-22T15:35:19.931861,0.0,0.0,0.0,0.0,-0.0,0.0
2026-05-22T15:35:19.932373,0.0,0.0,0.0,0.0,-0.0,0.0
2026-05-22T15:35:19.933777,0.0,0.0,0.0,0.0,-0.0,0.0
2026-05-22T15:35:19.962727,0.0,0.0,0.0,0.0,-0.0,0.0
2026-05-22T15:35:19.963111,0.0,0.0,0.0,0.0,-0.0,0.0
2026-05-22T15:35:19.963904,0.0,0.0,0.0,0.0,-0.0,0.0
2026-05-22T15:35:19.992877,0.0,0.0,0.0,0.0,-0.0,0.0
2026-05-22T15:35:19.993403,0.0,0.0,0.0,0.0,-0.0,0.0
2026-05-22T15:35:20.021650,0.0,0.0,0.0,0.0,-0.0,0.0
2026-05-22T15:35:20.022137,0.0,0.0,0.0,0.0,-0.0,0.0
2026-05-22T15:35:20.052441,0.0,0.0,0.0,0.0,-0.0,0.0
2026-05-22T15:35:20.053046,0.0,0.0,0.0,0.0,-0.0,0.0
2026-05-22T15:35:20.053197,0.0,0.0,0.0,0.0,-0.0,0.0
2026-05-22T15:35:20.054043,0.0,0.0,0.0,0.0,-0.0,0.0
2026-05-22T15:35:20.082230,0.0,0.0,0.0,0.0,-0.0,0.0
2026-05-22T15:35:20.082629,0.0,0.0,0.0,0.0,-0.0,0.0
2026-05-22T15:35:20.111308,0.0,0.0,0.0,0.0,-0.0,0.0
2026-05-22T15:35:20.112783,0.0,0.0,0.0,0.0,-0.0,0.0
2026-05-22T15:35:20.141583,0.0,0.0,0.0,0.0,-0.0,0.0
2026-05-22T15:35:20.142241,0.0,0.0,0.0,0.0,-0.0,0.0
2026-05-22T15:35:20.144306,0.0,0.0,0.0,0.0,-0.0,0.0
2026-05-22T15:35:20.144699,0.0,0.0,0.0,0.0,-0.0,0.0
2026-05-22T15:35:20.172777,0.0,0.0,0.0,0.0,-0.0,0.0
2026-05-22T15:35:20.173663,0.0,0.0,0.0,0.0,-0.0,0.0
2026-05-22T15:35:20.173831,0.0,0.0,0.0,0.0,-0.0,0.0
2026-05-22T15:35:20.174012,0.0,0.0,0.0,0.0,-0.0,0.0
2026-05-22T15:35:20.202606,0.0,0.0,0.0,0.0,-0.0,0.0
2026-05-22T15:35:20.203180,0.0,0.0,0.0,0.0,-0.0,0.0
2026-05-22T15:35:20.203332,0.0,0.0,0.0,0.0,-0.0,0.0
2026-05-22T15:35:20.204861,0.0,0.0,0.0,0.0,-0.0,0.0
2026-05-22T15:35:20.232253,0.0,0.0,0.0,0.0,-0.0,0.0
2026-05-22T15:35:20.232652,0.0,0.0,0.0,0.0,-0.0,0.0
2026-05-22T15:35:20.261567,0.0,0.0,0.0,0.0,-0.0,0.0
2026-05-22T15:35:20.262276,0.0,0.0,0.0,0.0,-0.0,0.0
2026-05-22T15:35:20.262692,0.0,0.0,0.0,0.0,-0.0,0.0
2026-05-22T15:35:20.263345,0.0,0.0,0.0,0.0,-0.0,0.0
2026-05-22T15:35:20.291868,0.0,0.0,0.0,0.0,-0.0,0.0
2026-05-22T15:35:20.292400,0.0,0.0,0.0,0.0,-0.0,0.0
2026-05-22T15:35:20.293735,0.0,0.0,0.0,0.0,-0.0,0.0
2026-05-22T15:35:20.323466,0.0,0.0,0.0,0.0,-0.0,0.0
2026-05-22T15:35:20.323916,0.0,0.0,0.0,0.0,-0.0,0.0
2026-05-22T15:35:20.351627,0.0,0.0,0.0,0.0,-0.0,0.0
2026-05-22T15:35:20.352250,0.0,0.0,0.0,0.0,-0.0,0.0
2026-05-22T15:35:20.352577,0.0,0.0,0.0,0.0,-0.0,0.0
2026-05-22T15:35:20.353268,0.0,0.0,0.0,0.0,-0.0,0.0
2026-05-22T15:35:20.381224,0.0,0.0,0.0,0.0,-0.0,0.0
2026-05-22T15:35:20.382204,0.0,0.0,0.0,0.0,-0.0,0.0
2026-05-22T15:35:20.382411,0.0,0.0,0.0,0.0,-0.0,0.0
2026-05-22T15:35:20.411638,0.0,0.0,0.0,0.0,-0.0,0.0
2026-05-22T15:35:20.412555,0.0,0.0,0.0,0.0,-0.0,0.0
2026-05-22T15:35:20.441540,0.0,0.0,0.0,0.0,-0.0,0.0
2026-05-22T15:35:20.442227,0.0,0.0,0.0,0.0,-0.0,0.0
2026-05-22T15:35:20.442493,0.0,0.0,0.0,0.0,-0.0,0.0
2026-05-22T15:35:20.443266,0.0,0.0,0.0,0.0,-0.0,0.0
2026-05-22T15:35:20.471443,0.0,0.0,0.0,0.0,-0.0,0.0
2026-05-22T15:35:20.472055,0.0,0.0,0.0,0.0,-0.0,0.0
2026-05-22T15:35:20.473773,0.0,0.0,0.0,0.0,-0.0,0.0
2026-05-22T15:35:20.502930,0.0,0.0,0.0,0.0,-0.0,0.0
2026-05-22T15:35:20.503556,0.0,0.0,0.0,0.0,-0.0,0.0
2026-05-22T15:35:20.503710,0.0,0.0,0.0,0.0,-0.0,0.0
2026-05-22T15:35:20.531812,0.0,0.0,0.0,0.0,-0.0,0.0
2026-05-22T15:35:20.532325,0.0,0.0,0.0,0.0,-0.0,0.0
2026-05-22T15:35:20.533714,0.0,0.0,0.0,0.0,-0.0,0.0
2026-05-22T15:35:20.562521,0.0,0.0,0.0,0.0,-0.0,0.0
2026-05-22T15:35:20.563060,0.0,0.0,0.0,0.0,-0.0,0.0
2026-05-22T15:35:20.563512,0.0,0.0,0.0,0.0,-0.0,0.0
2026-05-22T15:35:20.591849,0.0,0.0,0.0,0.0,-0.0,0.0
2026-05-22T15:35:20.592364,0.0,0.0,0.0,0.0,-0.0,0.0
2026-05-22T15:35:20.593987,0.0,0.0,0.0,0.0,-0.0,0.0
2026-05-22T15:35:20.623714,0.0,0.0,0.0,0.0,-0.0,0.0
2026-05-22T15:35:20.624185,0.0,0.0,0.0,0.0,-0.0,0.0
2026-05-22T15:35:20.652210,0.0,0.0,0.0,0.0,-0.0,0.0
2026-05-22T15:35:20.653017,0.0,0.0,0.0,0.0,-0.0,0.0
2026-05-22T15:35:20.653363,0.0,0.0,0.0,0.0,-0.0,0.0
2026-05-22T15:35:20.655957,0.0,0.0,0.0,0.0,-0.0,0.0
2026-05-22T15:35:20.683468,0.0,0.0,0.0,0.0,-0.0,0.0
2026-05-22T15:35:20.683916,0.0,0.0,0.0,0.0,-0.0,0.0
2026-05-22T15:35:20.684015,0.0,0.0,0.0,0.0,-0.0,0.0
2026-05-22T15:35:20.711493,0.0,0.0,0.0,0.0,-0.0,0.0
2026-05-22T15:35:20.712547,0.0,0.0,0.0,0.0,-0.0,0.0
2026-05-22T15:35:20.715238,0.0,0.0,0.0,0.0,-0.0,0.0
2026-05-22T15:35:20.743027,0.0,0.0,0.0,0.0,-0.0,0.0
2026-05-22T15:35:20.743686,0.0,0.0,0.0,0.0,-0.0,0.0
2026-05-22T15:35:20.743929,0.0,0.0,0.0,0.0,-0.0,0.0
2026-05-22T15:35:20.771521,0.0,0.0,0.0,0.0,-0.0,0.0
2026-05-22T15:35:20.772104,0.0,0.0,0.0,0.0,-0.0,0.0
2026-05-22T15:35:20.773865,0.0,0.0,0.0,0.0,-0.0,0.0
2026-05-22T15:35:20.802846,0.0,0.0,0.0,0.0,-0.0,0.0
2026-05-22T15:35:20.803542,0.0,0.0,0.0,0.0,-0.0,0.0
2026-05-22T15:35:20.803751,0.0,0.0,0.0,0.0,-0.0,0.0
2026-05-22T15:35:20.831823,0.0,0.0,0.0,0.0,-0.0,0.0
2026-05-22T15:35:20.832351,0.0,0.0,0.0,0.0,-0.0,0.0
2026-05-22T15:35:20.833944,0.0,0.0,0.0,0.0,-0.0,0.0
2026-05-22T15:35:20.862265,0.0,0.0,0.0,0.0,-0.0,0.0
2026-05-22T15:35:20.862660,0.0,0.0,0.0,0.0,-0.0,0.0
2026-05-22T15:35:20.863231,0.0,0.0,0.0,0.0,-0.0,0.0
2026-05-22T15:35:20.891837,0.0,0.0,0.0,0.0,-0.0,0.0
2026-05-22T15:35:20.892416,0.0,0.0,0.0,0.0,-0.0,0.0
2026-05-22T15:35:20.921633,0.0,0.0,0.0,0.0,-0.0,0.0
2026-05-22T15:35:20.922353,0.0,0.0,0.0,0.0,-0.0,0.0
2026-05-22T15:35:20.951448,0.0,0.0,0.0,0.0,-0.0,0.0
2026-05-22T15:35:20.952865,0.0,0.0,0.0,0.0,-0.0,0.0
2026-05-22T15:35:20.953308,0.0,0.0,0.0,0.0,-0.0,0.0
2026-05-22T15:35:20.953602,0.0,0.0,0.0,0.0,-0.0,0.0
2026-05-22T15:35:20.981899,0.0,0.0,0.0,0.0,-0.0,0.0
2026-05-22T15:35:20.982709,0.0,0.0,0.0,0.0,-0.0,0.0
2026-05-22T15:35:21.011320,0.0,0.0,0.0,0.0,-0.0,0.0
2026-05-22T15:35:21.013026,0.0,0.0,0.0,0.0,-0.0,0.0
2026-05-22T15:35:21.013454,0.0,0.0,0.0,0.0,-0.0,0.0
2026-05-22T15:35:21.014345,0.0,0.0,0.0,0.0,-0.0,0.0
2026-05-22T15:35:21.042871,0.0,0.0,0.0,0.0,-0.0,0.0
2026-05-22T15:35:21.043562,0.0,0.0,0.0,0.0,-0.0,0.0
2026-05-22T15:35:21.043786,0.0,0.0,0.0,0.0,-0.0,0.0
2026-05-22T15:35:21.043887,0.0,0.0,0.0,0.0,-0.0,0.0
2026-05-22T15:35:21.071643,0.0,0.0,0.0,0.0,-0.0,0.0
2026-05-22T15:35:21.072181,0.0,0.0,0.0,0.0,-0.0,0.0
2026-05-22T15:35:21.074266,0.0,0.0,0.0,0.0,-0.0,0.0
2026-05-22T15:35:21.102660,0.0,0.0,0.0,0.0,-0.0,0.0
2026-05-22T15:35:21.103380,0.0,0.0,0.0,0.0,-0.0,0.0
2026-05-22T15:35:21.103505,0.0,0.0,0.0,0.0,-0.0,0.0
2026-05-22T15:35:21.131847,0.0,0.0,0.0,0.0,-0.0,0.0
2026-05-22T15:35:21.132372,0.0,0.0,0.0,0.0,-0.0,0.0
2026-05-22T15:35:21.133727,0.0,0.0,0.0,0.0,-0.0,0.0
2026-05-22T15:35:21.162545,0.0,0.0,0.0,0.0,-0.0,0.0
2026-05-22T15:35:21.163146,0.0,0.0,0.0,0.0,-0.0,0.0
2026-05-22T15:35:21.163517,0.0,0.0,0.0,0.0,-0.0,0.0
2026-05-22T15:35:21.192241,0.0,0.0,0.0,0.0,-0.0,0.0
2026-05-22T15:35:21.221631,0.0,0.0,0.0,0.0,-0.0,0.0
2026-05-22T15:35:21.222825,0.0,0.0,0.0,0.0,-0.0,0.0
2026-05-22T15:35:21.252251,0.0,0.0,0.0,0.0,-0.0,0.0
2026-05-22T15:35:21.253387,0.0,0.0,0.0,0.0,-0.0,0.0
2026-05-22T15:35:21.253619,0.0,0.0,0.0,0.0,-0.0,0.0
2026-05-22T15:35:21.253799,0.0,0.0,0.0,0.0,-0.0,0.0
2026-05-22T15:35:21.281492,0.0,0.0,0.0,0.0,-0.0,0.0
2026-05-22T15:35:21.282028,0.0,0.0,0.0,0.0,-0.0,0.0
2026-05-22T15:35:21.283120,0.0,0.0,0.0,0.0,-0.0,0.0
2026-05-22T15:35:21.283363,0.0,0.0,0.0,0.0,-0.0,0.0
2026-05-22T15:35:21.311458,0.0,0.0,0.0,0.0,-0.0,0.0
2026-05-22T15:35:21.312873,0.0,0.0,0.0,0.0,-0.0,0.0
2026-05-22T15:35:21.342167,0.0,0.0,0.0,0.0,-0.0,0.0
2026-05-22T15:35:21.342683,0.0,0.0,0.0,0.0,-0.0,0.0
2026-05-22T15:35:21.372445,0.0,0.0,0.0,0.0,-0.0,0.0
2026-05-22T15:35:21.373137,0.0,0.0,0.0,0.0,-0.0,0.0
2026-05-22T15:35:21.373291,0.0,0.0,0.0,0.0,-0.0,0.0
2026-05-22T15:35:21.374783,0.0,0.0,0.0,0.0,-0.0,0.0
2026-05-22T15:35:21.402933,0.0,0.0,0.0,0.0,-0.0,0.0
2026-05-22T15:35:21.403519,0.0,0.0,0.0,0.0,-0.0,0.0
2026-05-22T15:35:21.403859,0.0,0.0,0.0,0.0,-0.0,0.0
2026-05-22T15:35:21.404017,0.0,0.0,0.0,0.0,-0.0,0.0
2026-05-22T15:35:21.433504,0.0,0.0,0.0,0.0,-0.0,0.0
2026-05-22T15:35:21.434072,0.0,0.0,0.0,0.0,-0.0,0.0
2026-05-22T15:35:21.434199,0.0,0.0,0.0,0.0,-0.0,0.0
2026-05-22T15:35:21.434320,0.0,0.0,0.0,0.0,-0.0,0.0
2026-05-22T15:35:21.462450,0.0,0.0,0.0,0.0,-0.0,0.0
2026-05-22T15:35:21.462829,0.0,0.0,0.0,0.0,-0.0,0.0
2026-05-22T15:35:21.463368,0.0,0.0,0.0,0.0,-0.0,0.0
2026-05-22T15:35:21.491903,0.0,0.0,0.0,0.0,-0.0,0.0
2026-05-22T15:35:21.492433,0.0,0.0,0.0,0.0,-0.0,0.0
2026-05-22T15:35:21.493778,0.0,0.0,0.0,0.0,-0.0,0.0
2026-05-22T15:35:21.522424,0.0,0.0,0.0,0.0,-0.0,0.0
2026-05-22T15:35:21.522871,0.0,0.0,0.0,0.0,-0.0,0.0
2026-05-22T15:35:21.553660,0.0,0.0,0.0,0.0,-0.0,0.0
2026-05-22T15:35:21.554390,0.0,0.0,0.0,0.0,-0.0,0.0
2026-05-22T15:35:21.554552,0.0,0.0,0.0,0.0,-0.0,0.0
2026-05-22T15:35:21.554680,0.0,0.0,0.0,0.0,-0.0,0.0
2026-05-22T15:35:21.582390,0.0,0.0,0.0,0.0,-0.0,0.0
2026-05-22T15:35:21.583009,0.0,0.0,0.0,0.0,-0.0,0.0
2026-05-22T15:35:21.613131,0.0,0.0,0.0,0.0,-0.0,0.0
2026-05-22T15:35:21.613816,0.0,0.0,0.0,0.0,-0.0,0.0
2026-05-22T15:35:21.613978,0.0,0.0,0.0,0.0,-0.0,0.0
2026-05-22T15:35:21.614207,0.0,0.0,0.0,0.0,-0.0,0.0
2026-05-22T15:35:21.642055,0.0,0.0,0.0,0.0,-0.0,0.0
2026-05-22T15:35:21.642677,0.0,0.0,0.0,0.0,-0.0,0.0
2026-05-22T15:35:21.643024,0.0,0.0,0.0,0.0,-0.0,0.0
2026-05-22T15:35:21.673447,0.0,0.0,0.0,0.0,-0.0,0.0
2026-05-22T15:35:21.674006,0.0,0.0,0.0,0.0,-0.0,0.0
2026-05-22T15:35:21.674676,0.0,0.0,0.0,0.0,-0.0,0.0
2026-05-22T15:35:21.703643,0.0,0.0,0.0,0.0,-0.0,0.0
2026-05-22T15:35:21.704206,0.0,0.0,0.0,0.0,-0.0,0.0
2026-05-22T15:35:21.704377,0.0,0.0,0.0,0.0,-0.0,0.0
2026-05-22T15:35:21.732008,0.0,0.0,0.0,0.0,-0.0,0.0
2026-05-22T15:35:21.732520,0.0,0.0,0.0,0.0,-0.0,0.0
2026-05-22T15:35:21.733880,0.0,0.0,0.0,0.0,-0.0,0.0
2026-05-22T15:35:21.762811,0.0,0.0,0.0,0.0,-0.0,0.0
2026-05-22T15:35:21.763328,0.0,0.0,0.0,0.0,-0.0,0.0
2026-05-22T15:35:21.763479,0.0,0.0,0.0,0.0,-0.0,0.0
2026-05-22T15:35:21.791692,0.0,0.0,0.0,0.0,-0.0,0.0
2026-05-22T15:35:21.792340,0.0,0.0,0.0,0.0,-0.0,0.0
2026-05-22T15:35:21.795103,0.0,0.0,0.0,0.0,-0.0,0.0
2026-05-22T15:35:21.823708,0.0,0.0,0.0,0.0,-0.0,0.0
2026-05-22T15:35:21.824115,0.0,0.0,0.0,0.0,-0.0,0.0
2026-05-22T15:35:21.851563,0.0,0.0,0.0,0.0,-0.0,0.0
2026-05-22T15:35:21.852176,0.0,0.0,0.0,0.0,-0.0,0.0
2026-05-22T15:35:21.852436,0.0,0.0,0.0,0.0,-0.0,0.0
2026-05-22T15:35:21.881310,0.0,0.0,0.0,0.0,-0.0,0.0
2026-05-22T15:35:21.882377,0.0,0.0,0.0,0.0,-0.0,0.0
2026-05-22T15:35:21.882701,0.0,0.0,0.0,0.0,-0.0,0.0
2026-05-22T15:35:21.883324,0.0,0.0,0.0,0.0,-0.0,0.0
2026-05-22T15:35:21.911442,0.0,0.0,0.0,0.0,-0.0,0.0
2026-05-22T15:35:21.912590,0.0,0.0,0.0,0.0,-0.0,0.0
2026-05-22T15:35:21.913942,0.0,0.0,0.0,0.0,-0.0,0.0
2026-05-22T15:35:21.942617,0.0,0.0,0.0,0.0,-0.0,0.0
2026-05-22T15:35:21.943139,0.0,0.0,0.0,0.0,-0.0,0.0
2026-05-22T15:35:21.943453,0.0,0.0,0.0,0.0,-0.0,0.0
2026-05-22T15:35:21.973050,0.0,0.0,0.0,0.0,-0.0,0.0
2026-05-22T15:35:21.973559,0.0,0.0,0.0,0.0,-0.0,0.0
2026-05-22T15:35:22.001729,0.0,0.0,0.0,0.0,-0.0,0.0
2026-05-22T15:35:22.002236,0.0,0.0,0.0,0.0,-0.0,0.0
2026-05-22T15:35:22.004299,0.0,0.0,0.0,0.0,-0.0,0.0
2026-05-22T15:35:22.004743,0.0,0.0,0.0,0.0,-0.0,0.0
2026-05-22T15:35:22.033044,0.0,0.0,0.0,0.0,-0.0,0.0
2026-05-22T15:35:22.033610,0.0,0.0,0.0,0.0,-0.0,0.0
2026-05-22T15:35:22.033919,0.0,0.0,0.0,0.0,-0.0,0.0
2026-05-22T15:35:22.062587,0.0,0.0,0.0,0.0,-0.0,0.0
2026-05-22T15:35:22.063120,0.0,0.0,0.0,0.0,-0.0,0.0
2026-05-22T15:35:22.063659,0.0,0.0,0.0,0.0,-0.0,0.0
2026-05-22T15:35:22.091834,0.0,0.0,0.0,0.0,-0.0,0.0
2026-05-22T15:35:22.092359,0.0,0.0,0.0,0.0,-0.0,0.0
2026-05-22T15:35:22.094824,0.0,0.0,0.0,0.0,-0.0,0.0
2026-05-22T15:35:22.123926,0.0,0.0,0.0,0.0,-0.0,0.0
2026-05-22T15:35:22.124368,0.0,0.0,0.0,0.0,-0.0,0.0
2026-05-22T15:35:22.151685,0.0,0.0,0.0,0.0,-0.0,0.0
2026-05-22T15:35:22.152691,0.0,0.0,0.0,0.0,-0.0,0.0
2026-05-22T15:35:22.152999,0.0,0.0,0.0,0.0,-0.0,0.0
2026-05-22T15:35:22.211358,0.0,0.0,0.0,0.0,-0.0,0.0
2026-05-22T15:35:22.212731,0.0,0.0,0.0,0.0,-0.0,0.0
2026-05-22T15:35:22.229825,0.0,0.0,0.0,0.0,-0.0,0.0
2026-05-22T15:35:22.242140,0.0,0.0,0.0,0.0,-0.0,0.0
2026-05-22T15:35:22.243717,0.0,0.0,0.0,0.0,-0.0,0.0
2026-05-22T15:35:22.273100,0.0,0.0,0.0,0.0,-0.0,0.0
2026-05-22T15:35:22.273693,0.0,0.0,0.0,0.0,-0.0,0.0
2026-05-22T15:35:22.275108,0.0,0.0,0.0,0.0,-0.0,0.0
2026-05-22T15:35:22.275486,0.0,0.0,0.0,0.0,-0.0,0.0
2026-05-22T15:35:22.304356,0.0,0.0,0.0,0.0,-0.0,0.0
2026-05-22T15:35:22.304947,0.0,0.0,0.0,0.0,-0.0,0.0
2026-05-22T15:35:22.305086,0.0,0.0,0.0,0.0,-0.0,0.0
2026-05-22T15:35:22.305211,0.0,0.0,0.0,0.0,-0.0,0.0
2026-05-22T15:35:22.332713,0.0,0.0,0.0,0.0,-0.0,0.0
2026-05-22T15:35:22.333352,0.0,0.0,0.0,0.0,-0.0,0.0
2026-05-22T15:35:22.361845,0.0,0.0,0.0,0.0,-0.0,0.0
2026-05-22T15:35:22.362552,0.0,0.0,0.0,0.0,-0.0,0.0
2026-05-22T15:35:22.362838,0.0,0.0,0.0,0.0,-0.0,0.0
2026-05-22T15:35:22.363365,0.0,0.0,0.0,0.0,-0.0,0.0
2026-05-22T15:35:22.391542,0.0,0.0,0.0,0.0,-0.0,0.0
2026-05-22T15:35:22.392184,0.0,0.0,0.0,0.0,-0.0,0.0
2026-05-22T15:35:22.392481,0.0,0.0,0.0,0.0,-0.0,0.0
2026-05-22T15:35:22.393426,0.0,0.0,0.0,0.0,-0.0,0.0
2026-05-22T15:35:22.421511,0.0,0.0,0.0,0.0,-0.0,0.0
2026-05-22T15:35:22.422002,0.0,0.0,0.0,0.0,-0.0,0.0
2026-05-22T15:35:22.423112,0.0,0.0,0.0,0.0,-0.0,0.0
2026-05-22T15:35:22.423314,0.0,0.0,0.0,0.0,-0.0,0.0
2026-05-22T15:35:22.451477,0.0,0.0,0.0,0.0,-0.0,0.0
2026-05-22T15:35:22.452002,0.0,0.0,0.0,0.0,-0.0,0.0
2026-05-22T15:35:22.452181,0.0,0.0,0.0,0.0,-0.0,0.0
2026-05-22T15:35:22.453282,0.0,0.0,0.0,0.0,-0.0,0.0
2026-05-22T15:35:22.482528,0.0,0.0,0.0,0.0,-0.0,0.0
2026-05-22T15:35:22.482970,0.0,0.0,0.0,0.0,-0.0,0.0
2026-05-22T15:35:22.483599,0.0,0.0,0.0,0.0,-0.0,0.0
2026-05-22T15:35:22.511495,0.0,0.0,0.0,0.0,-0.0,0.0
2026-05-22T15:35:22.512924,0.0,0.0,0.0,0.0,-0.0,0.0
2026-05-22T15:35:22.513360,0.0,0.0,0.0,0.0,-0.0,0.0
2026-05-22T15:35:22.541374,0.0,0.0,0.0,0.0,-0.0,0.0
2026-05-22T15:35:22.542581,0.0,0.0,0.0,0.0,-0.0,0.0
2026-05-22T15:35:22.571666,0.0,0.0,0.0,0.0,-0.0,0.0
2026-05-22T15:35:22.572254,0.0,0.0,0.0,0.0,-0.0,0.0
2026-05-22T15:35:22.572364,0.0,0.0,0.0,0.0,-0.0,0.0
2026-05-22T15:35:22.573260,0.0,0.0,0.0,0.0,-0.0,0.0
2026-05-22T15:35:22.602325,0.0,0.0,0.0,0.0,-0.0,0.0
2026-05-22T15:35:22.602838,0.0,0.0,0.0,0.0,-0.0,0.0
2026-05-22T15:35:22.602972,0.0,0.0,0.0,0.0,-0.0,0.0
2026-05-22T15:35:22.632520,0.0,0.0,0.0,0.0,-0.0,0.0
2026-05-22T15:35:22.633298,0.0,0.0,0.0,0.0,-0.0,0.0
2026-05-22T15:35:22.663628,0.0,0.0,0.0,0.0,-0.0,0.0
2026-05-22T15:35:22.664193,0.0,0.0,0.0,0.0,-0.0,0.0
2026-05-22T15:35:22.664414,0.0,0.0,0.0,0.0,-0.0,0.0
2026-05-22T15:35:22.664685,0.0,0.0,0.0,0.0,-0.0,0.0
2026-05-22T15:35:22.693443,0.0,0.0,0.0,0.0,-0.0,0.0
2026-05-22T15:35:22.693933,0.0,0.0,0.0,0.0,-0.0,0.0
2026-05-22T15:35:22.694620,0.0,0.0,0.0,0.0,-0.0,0.0
2026-05-22T15:35:22.725028,0.0,0.0,0.0,0.0,-0.0,0.0
2026-05-22T15:35:22.725606,0.0,0.0,0.0,0.0,-0.0,0.0
2026-05-22T15:35:22.753500,0.0,0.0,0.0,0.0,-0.0,0.0
2026-05-22T15:35:22.754039,0.0,0.0,0.0,0.0,-0.0,0.0
2026-05-22T15:35:22.754143,0.0,0.0,0.0,0.0,-0.0,0.0
2026-05-22T15:35:22.755822,0.0,0.0,0.0,0.0,-0.0,0.0
2026-05-22T15:35:22.782767,0.0,0.0,0.0,0.0,-0.0,0.0
2026-05-22T15:35:22.783191,0.0,0.0,0.0,0.0,-0.0,0.0
2026-05-22T15:35:22.783384,0.0,0.0,0.0,0.0,-0.0,0.0
2026-05-22T15:35:22.811811,0.0,0.0,0.0,0.0,-0.0,0.0
2026-05-22T15:35:22.812368,0.0,0.0,0.0,0.0,-0.0,0.0
2026-05-22T15:35:22.814314,0.0,0.0,0.0,0.0,-0.0,0.0
2026-05-22T15:35:22.842636,0.0,0.0,0.0,0.0,-0.0,0.0
2026-05-22T15:35:22.843226,0.0,0.0,0.0,0.0,-0.0,0.0
2026-05-22T15:35:22.871836,0.0,0.0,0.0,0.0,-0.0,0.0
2026-05-22T15:35:22.872796,0.0,0.0,0.0,0.0,-0.0,0.0
2026-05-22T15:35:22.873074,0.0,0.0,0.0,0.0,-0.0,0.0
2026-05-22T15:35:22.873773,0.0,0.0,0.0,0.0,-0.0,0.0
2026-05-22T15:35:22.901782,0.0,0.0,0.0,0.0,-0.0,0.0
2026-05-22T15:35:22.931693,0.0,0.0,0.0,0.0,-0.0,0.0
2026-05-22T15:35:22.932371,0.0,0.0,0.0,0.0,-0.0,0.0
2026-05-22T15:35:22.961629,0.0,0.0,0.0,0.0,-0.0,0.0
2026-05-22T15:35:22.962285,0.0,0.0,0.0,0.0,-0.0,0.0
2026-05-22T15:35:22.964009,0.0,0.0,0.0,0.0,-0.0,0.0
2026-05-22T15:35:22.964381,0.0,0.0,0.0,0.0,-0.0,0.0
2026-05-22T15:35:22.992937,0.0,0.0,0.0,0.0,-0.0,0.0
2026-05-22T15:35:22.993582,0.0,0.0,0.0,0.0,-0.0,0.0
2026-05-22T15:35:22.994006,0.0,0.0,0.0,0.0,-0.0,0.0
2026-05-22T15:35:22.994117,0.0,0.0,0.0,0.0,-0.0,0.0
2026-05-22T15:35:23.021857,0.0,0.0,0.0,0.0,-0.0,0.0
2026-05-22T15:35:23.022409,0.0,0.0,0.0,0.0,-0.0,0.0
2026-05-22T15:35:23.022690,0.0,0.0,0.0,0.0,-0.0,0.0
2026-05-22T15:35:23.023307,0.0,0.0,0.0,0.0,-0.0,0.0
2026-05-22T15:35:23.051877,0.0,0.0,0.0,0.0,-0.0,0.0
2026-05-22T15:35:23.052269,0.0,0.0,0.0,0.0,-0.0,0.0
2026-05-22T15:35:23.053641,0.0,0.0,0.0,0.0,-0.0,0.0
2026-05-22T15:35:23.082903,0.0,0.0,0.0,0.0,-0.0,0.0
2026-05-22T15:35:23.083502,0.0,0.0,0.0,0.0,-0.0,0.0
2026-05-22T15:35:23.083711,0.0,0.0,0.0,0.0,-0.0,0.0
2026-05-22T15:35:23.111767,0.0,0.0,0.0,0.0,-0.0,0.0
2026-05-22T15:35:23.112261,0.0,0.0,0.0,0.0,-0.0,0.0
2026-05-22T15:35:23.114189,0.0,0.0,0.0,0.0,-0.0,0.0
2026-05-22T15:35:23.142902,0.0,0.0,0.0,0.0,-0.0,0.0
2026-05-22T15:35:23.143491,0.0,0.0,0.0,0.0,-0.0,0.0
2026-05-22T15:35:23.143672,0.0,0.0,0.0,0.0,-0.0,0.0
2026-05-22T15:35:23.171849,0.0,0.0,0.0,0.0,-0.0,0.0
2026-05-22T15:35:23.172538,0.0,0.0,0.0,0.0,-0.0,0.0
2026-05-22T15:35:23.173931,0.0,0.0,0.0,0.0,-0.0,0.0
2026-05-22T15:35:23.203087,0.0,0.0,0.0,0.0,-0.0,0.0
2026-05-22T15:35:23.203599,0.0,0.0,0.0,0.0,-0.0,0.0
2026-05-22T15:35:23.203725,0.0,0.0,0.0,0.0,-0.0,0.0
2026-05-22T15:35:23.231659,0.0,0.0,0.0,0.0,-0.0,0.0
2026-05-22T15:35:23.232660,0.0,0.0,0.0,0.0,-0.0,0.0
2026-05-22T15:35:23.263487,0.0,0.0,0.0,0.0,-0.0,0.0
2026-05-22T15:35:23.263980,0.0,0.0,0.0,0.0,-0.0,0.0
2026-05-22T15:35:23.264111,0.0,0.0,0.0,0.0,-0.0,0.0
2026-05-22T15:35:23.264602,0.0,0.0,0.0,0.0,-0.0,0.0
2026-05-22T15:35:23.292744,0.0,0.0,0.0,0.0,-0.0,0.0
2026-05-22T15:35:23.293126,0.0,0.0,0.0,0.0,-0.0,0.0
2026-05-22T15:35:23.293773,0.0,0.0,0.0,0.0,-0.0,0.0
2026-05-22T15:35:23.324961,0.0,0.0,0.0,0.0,-0.0,0.0
2026-05-22T15:35:23.325504,0.0,0.0,0.0,0.0,-0.0,0.0
2026-05-22T15:35:23.353181,0.0,0.0,0.0,0.0,-0.0,0.0
2026-05-22T15:35:23.353817,0.0,0.0,0.0,0.0,-0.0,0.0
2026-05-22T15:35:23.353954,0.0,0.0,0.0,0.0,-0.0,0.0
2026-05-22T15:35:23.354076,0.0,0.0,0.0,0.0,-0.0,0.0
2026-05-22T15:35:23.381678,0.0,0.0,0.0,0.0,-0.0,0.0
2026-05-22T15:35:23.382294,0.0,0.0,0.0,0.0,-0.0,0.0
2026-05-22T15:35:23.382616,0.0,0.0,0.0,0.0,-0.0,0.0
2026-05-22T15:35:23.411573,0.0,0.0,0.0,0.0,-0.0,0.0
2026-05-22T15:35:23.412144,0.0,0.0,0.0,0.0,-0.0,0.0
2026-05-22T15:35:23.414036,0.0,0.0,0.0,0.0,-0.0,0.0
2026-05-22T15:35:23.442593,0.0,0.0,0.0,0.0,-0.0,0.0
2026-05-22T15:35:23.443250,0.0,0.0,0.0,0.0,-0.0,0.0
2026-05-22T15:35:23.443560,0.0,0.0,0.0,0.0,-0.0,0.0
2026-05-22T15:35:23.472651,0.0,0.0,0.0,0.0,-0.0,0.0
2026-05-22T15:35:23.473143,0.0,0.0,0.0,0.0,-0.0,0.0
2026-05-22T15:35:23.502909,0.0,0.0,0.0,0.0,-0.0,0.0
2026-05-22T15:35:23.503798,0.0,0.0,0.0,0.0,-0.0,0.0
2026-05-22T15:35:23.503987,0.0,0.0,0.0,0.0,-0.0,0.0
2026-05-22T15:35:23.504114,0.0,0.0,0.0,0.0,-0.0,0.0
2026-05-22T15:35:23.531255,0.0,0.0,0.0,0.0,-0.0,0.0
2026-05-22T15:35:23.531986,0.0,0.0,0.0,0.0,-0.0,0.0
2026-05-22T15:35:23.533766,0.0,0.0,0.0,0.0,-0.0,0.0
2026-05-22T15:35:23.562795,0.0,0.0,0.0,0.0,-0.0,0.0
2026-05-22T15:35:23.564564,0.0,0.0,0.0,0.0,-0.0,0.0
2026-05-22T15:35:23.564968,0.0,0.0,0.0,0.0,-0.0,0.0
2026-05-22T15:35:23.591236,0.0,0.0,0.0,0.0,-0.0,0.0
2026-05-22T15:35:23.592080,0.0,0.0,0.0,0.0,-0.0,0.0
2026-05-22T15:35:23.593825,0.0,0.0,0.0,0.0,-0.0,0.0
2026-05-22T15:35:23.622961,0.0,0.0,0.0,0.0,-0.0,0.0
2026-05-22T15:35:23.623587,0.0,0.0,0.0,0.0,-0.0,0.0
2026-05-22T15:35:23.623736,0.0,0.0,0.0,0.0,-0.0,0.0
2026-05-22T15:35:23.651864,0.0,0.0,0.0,0.0,-0.0,0.0
2026-05-22T15:35:23.652400,0.0,0.0,0.0,0.0,-0.0,0.0
2026-05-22T15:35:23.653887,0.0,0.0,0.0,0.0,-0.0,0.0
2026-05-22T15:35:23.683217,0.0,0.0,0.0,0.0,-0.0,0.0
2026-05-22T15:35:23.683837,0.0,0.0,0.0,0.0,-0.0,0.0
2026-05-22T15:35:23.683970,0.0,0.0,0.0,0.0,-0.0,0.0
2026-05-22T15:35:23.711528,0.0,0.0,0.0,0.0,-0.0,0.0
2026-05-22T15:35:23.712214,0.0,0.0,0.0,0.0,-0.0,0.0
2026-05-22T15:35:23.714179,0.0,0.0,0.0,0.0,-0.0,0.0
2026-05-22T15:35:23.742529,0.0,0.0,0.0,0.0,-0.0,0.0
2026-05-22T15:35:23.743232,0.0,0.0,0.0,0.0,-0.0,0.0
2026-05-22T15:35:23.743598,0.0,0.0,0.0,0.0,-0.0,0.0
2026-05-22T15:35:23.802726,0.0,0.0,0.0,0.0,-0.0,0.0
2026-05-22T15:35:23.803105,0.0,0.0,0.0,0.0,-0.0,0.0
2026-05-22T15:35:23.804162,0.0,0.0,0.0,0.0,-0.0,0.0
2026-05-22T15:35:23.804325,0.0,0.0,0.0,0.0,-0.0,0.0
2026-05-22T15:35:23.833769,0.0,0.0,0.0,0.0,-0.0,0.0
2026-05-22T15:35:23.834394,0.0,0.0,0.0,0.0,-0.0,0.0
2026-05-22T15:35:23.861215,0.0,0.0,0.0,0.0,-0.0,0.0
2026-05-22T15:35:23.862776,0.0,0.0,0.0,0.0,-0.0,0.0
2026-05-22T15:35:23.863957,0.0,0.0,0.0,0.0,-0.0,0.0
2026-05-22T15:35:23.864584,0.0,0.0,0.0,0.0,-0.0,0.0
2026-05-22T15:35:23.892591,0.0,0.0,0.0,0.0,-0.0,0.0
2026-05-22T15:35:23.892914,0.0,0.0,0.0,0.0,-0.0,0.0
2026-05-22T15:35:23.892999,0.0,0.0,0.0,0.0,-0.0,0.0
2026-05-22T15:35:23.893375,0.0,0.0,0.0,0.0,-0.0,0.0
2026-05-22T15:35:23.921495,0.0,0.0,0.0,0.0,-0.0,0.0
2026-05-22T15:35:23.922466,0.0,0.0,0.0,0.0,-0.0,0.0
2026-05-22T15:35:23.922946,0.0,0.0,0.0,0.0,-0.0,0.0
2026-05-22T15:35:23.923425,0.0,0.0,0.0,0.0,-0.0,0.0
2026-05-22T15:35:23.981306,0.0,0.0,0.0,0.0,-0.0,0.0
2026-05-22T15:35:23.981973,0.0,0.0,0.0,0.0,-0.0,0.0
2026-05-22T15:35:23.983809,0.0,0.0,0.0,0.0,-0.0,0.0
2026-05-22T15:35:23.984058,0.0,0.0,0.0,0.0,-0.0,0.0
2026-05-22T15:35:24.013526,0.0,0.0,0.0,0.0,-0.0,0.0
2026-05-22T15:35:24.014110,0.0,0.0,0.0,0.0,-0.0,0.0
2026-05-22T15:35:24.014296,0.0,0.0,0.0,0.0,-0.0,0.0
2026-05-22T15:35:24.041503,0.0,0.0,0.0,0.0,-0.0,0.0
2026-05-22T15:35:24.042074,0.0,0.0,0.0,0.0,-0.0,0.0
2026-05-22T15:35:24.043214,0.0,0.0,0.0,0.0,-0.0,0.0
2026-05-22T15:35:24.043444,0.0,0.0,0.0,0.0,-0.0,0.0
2026-05-22T15:35:24.101852,0.0,0.0,0.0,0.0,-0.0,0.0
2026-05-22T15:35:24.102741,0.0,0.0,0.0,0.0,-0.0,0.0
2026-05-22T15:35:24.103037,0.0,0.0,0.0,0.0,-0.0,0.0
2026-05-22T15:35:24.132928,0.0,0.0,0.0,0.0,-0.0,0.0
2026-05-22T15:35:24.133328,0.0,0.0,0.0,0.0,-0.0,0.0
2026-05-22T15:35:24.133404,0.0,0.0,0.0,0.0,-0.0,0.0
2026-05-22T15:35:24.133490,0.0,0.0,0.0,0.0,-0.0,0.0
2026-05-22T15:35:24.162212,0.0,0.0,0.0,0.0,-0.0,0.0
2026-05-22T15:35:24.163105,0.0,0.0,0.0,0.0,-0.0,0.0
2026-05-22T15:35:24.164194,0.0,0.0,0.0,0.0,-0.0,0.0
2026-05-22T15:35:24.164515,0.0,0.0,0.0,0.0,-0.0,0.0
2026-05-22T15:35:24.193216,0.0,0.0,0.0,0.0,-0.0,0.0
2026-05-22T15:35:24.193854,0.0,0.0,0.0,0.0,-0.0,0.0
2026-05-22T15:35:24.194020,0.0,0.0,0.0,0.0,-0.0,0.0
2026-05-22T15:35:24.194142,0.0,0.0,0.0,0.0,-0.0,0.0
2026-05-22T15:35:24.221784,0.0,0.0,0.0,0.0,-0.0,0.0
2026-05-22T15:35:24.222361,0.0,0.0,0.0,0.0,-0.0,0.0
2026-05-22T15:35:24.222610,0.0,0.0,0.0,0.0,-0.0,0.0
2026-05-22T15:35:24.223295,0.0,0.0,0.0,0.0,-0.0,0.0
2026-05-22T15:35:24.252035,0.0,0.0,0.0,0.0,-0.0,0.0
2026-05-22T15:35:24.282664,0.0,0.0,0.0,0.0,-0.0,0.0
2026-05-22T15:35:24.283738,0.0,0.0,0.0,0.0,-0.0,0.0
2026-05-22T15:35:24.313178,0.0,0.0,0.0,0.0,-0.0,0.0
2026-05-22T15:35:24.313786,0.0,0.0,0.0,0.0,-0.0,0.0
2026-05-22T15:35:24.314111,0.0,0.0,0.0,0.0,-0.0,0.0
2026-05-22T15:35:24.314258,0.0,0.0,0.0,0.0,-0.0,0.0
2026-05-22T15:35:24.341667,0.0,0.0,0.0,0.0,-0.0,0.0
2026-05-22T15:35:24.342819,0.0,0.0,0.0,0.0,-0.0,0.0
2026-05-22T15:35:24.343796,0.0,0.0,0.0,0.0,-0.0,0.0
2026-05-22T15:35:24.344168,0.0,0.0,0.0,0.0,-0.0,0.0
2026-05-22T15:35:24.401762,0.0,0.0,0.0,0.0,-0.0,0.0
2026-05-22T15:35:24.402433,0.0,0.0,0.0,0.0,-0.0,0.0
2026-05-22T15:35:24.402590,0.0,0.0,0.0,0.0,-0.0,0.0
2026-05-22T15:35:24.403321,0.0,0.0,0.0,0.0,-0.0,0.0
2026-05-22T15:35:24.431741,0.0,0.0,0.0,0.0,-0.0,0.0
2026-05-22T15:35:24.432512,0.0,0.0,0.0,0.0,-0.0,0.0
2026-05-22T15:35:24.461774,0.0,0.0,0.0,0.0,-0.0,0.0
2026-05-22T15:35:24.462384,0.0,0.0,0.0,0.0,-0.0,0.0
2026-05-22T15:35:24.462781,0.0,0.0,0.0,0.0,-0.0,0.0
2026-05-22T15:35:24.463478,0.0,0.0,0.0,0.0,-0.0,0.0
2026-05-22T15:35:24.491811,0.0,0.0,0.0,0.0,-0.0,0.0
2026-05-22T15:35:24.492355,0.0,0.0,0.0,0.0,-0.0,0.0
2026-05-22T15:35:24.492631,0.0,0.0,0.0,0.0,-0.0,0.0
2026-05-22T15:35:24.493398,0.0,0.0,0.0,0.0,-0.0,0.0
2026-05-22T15:35:24.522351,0.0,0.0,0.0,0.0,-0.0,0.0
2026-05-22T15:35:24.522788,0.0,0.0,0.0,0.0,-0.0,0.0
2026-05-22T15:35:24.551864,0.0,0.0,0.0,0.0,-0.0,0.0
2026-05-22T15:35:24.552434,0.0,0.0,0.0,0.0,-0.0,0.0
2026-05-22T15:35:24.552594,0.0,0.0,0.0,0.0,-0.0,0.0
2026-05-22T15:35:24.553498,0.0,0.0,0.0,0.0,-0.0,0.0
2026-05-22T15:35:24.581400,0.0,0.0,0.0,0.0,-0.0,0.0
2026-05-22T15:35:24.582062,0.0,0.0,0.0,0.0,-0.0,0.0
2026-05-22T15:35:24.583080,0.0,0.0,0.0,0.0,-0.0,0.0
2026-05-22T15:35:24.611507,0.0,0.0,0.0,0.0,-0.0,0.0
2026-05-22T15:35:24.612515,0.0,0.0,0.0,0.0,-0.0,0.0
2026-05-22T15:35:24.612952,0.0,0.0,0.0,0.0,-0.0,0.0
2026-05-22T15:35:24.613511,0.0,0.0,0.0,0.0,-0.0,0.0
2026-05-22T15:35:24.641940,0.0,0.0,0.0,0.0,-0.0,0.0
2026-05-22T15:35:24.642498,0.0,0.0,0.0,0.0,-0.0,0.0
2026-05-22T15:35:24.642644,0.0,0.0,0.0,0.0,-0.0,0.0
2026-05-22T15:35:24.702931,0.0,0.0,0.0,0.0,-0.0,0.0
2026-05-22T15:35:24.703500,0.0,0.0,0.0,0.0,-0.0,0.0
2026-05-22T15:35:24.703661,0.0,0.0,0.0,0.0,-0.0,0.0
2026-05-22T15:35:24.703789,0.0,0.0,0.0,0.0,-0.0,0.0
2026-05-22T15:35:24.731620,0.0,0.0,0.0,0.0,-0.0,0.0
2026-05-22T15:35:24.732065,0.0,0.0,0.0,0.0,-0.0,0.0
2026-05-22T15:35:24.732256,0.0,0.0,0.0,0.0,-0.0,0.0
2026-05-22T15:35:24.761736,0.0,0.0,0.0,0.0,-0.0,0.0
2026-05-22T15:35:24.762311,0.0,0.0,0.0,0.0,-0.0,0.0
2026-05-22T15:35:24.764066,0.0,0.0,0.0,0.0,-0.0,0.0
2026-05-22T15:35:24.764471,0.0,0.0,0.0,0.0,-0.0,0.0
2026-05-22T15:35:24.793141,0.0,0.0,0.0,0.0,-0.0,0.0
2026-05-22T15:35:24.793703,0.0,0.0,0.0,0.0,-0.0,0.0
2026-05-22T15:35:24.793849,0.0,0.0,0.0,0.0,-0.0,0.0
2026-05-22T15:35:24.793973,0.0,0.0,0.0,0.0,-0.0,0.0
2026-05-22T15:35:24.821909,0.0,0.0,0.0,0.0,-0.0,0.0
2026-05-22T15:35:24.822362,0.0,0.0,0.0,0.0,-0.0,0.0
2026-05-22T15:35:24.822461,0.0,0.0,0.0,0.0,-0.0,0.0
2026-05-22T15:35:24.823281,0.0,0.0,0.0,0.0,-0.0,0.0
2026-05-22T15:35:24.851788,0.0,0.0,0.0,0.0,-0.0,0.0
2026-05-22T15:35:24.852284,0.0,0.0,0.0,0.0,-0.0,0.0
2026-05-22T15:35:24.853778,0.0,0.0,0.0,0.0,-0.0,0.0
2026-05-22T15:35:24.883196,0.0,0.0,0.0,0.0,-0.0,0.0
2026-05-22T15:35:24.883723,0.0,0.0,0.0,0.0,-0.0,0.0
2026-05-22T15:35:24.883856,0.0,0.0,0.0,0.0,-0.0,0.0
2026-05-22T15:35:24.911268,0.0,0.0,0.0,0.0,-0.0,0.0
2026-05-22T15:35:24.912431,0.0,0.0,0.0,0.0,-0.0,0.0
2026-05-22T15:35:24.913958,0.0,0.0,0.0,0.0,-0.0,0.0
2026-05-22T15:35:24.942752,0.0,0.0,0.0,0.0,-0.0,0.0
2026-05-22T15:35:24.943343,0.0,0.0,0.0,0.0,-0.0,0.0
2026-05-22T15:35:24.943794,0.0,0.0,0.0,0.0,-0.0,0.0
2026-05-22T15:35:24.971270,0.0,0.0,0.0,0.0,-0.0,0.0
2026-05-22T15:35:24.972401,0.0,0.0,0.0,0.0,-0.0,0.0
2026-05-22T15:35:25.031812,0.0,0.0,0.0,0.0,-0.0,0.0
2026-05-22T15:35:25.032356,0.0,0.0,0.0,0.0,-0.0,0.0
2026-05-22T15:35:25.032497,0.0,0.0,0.0,0.0,-0.0,0.0
2026-05-22T15:35:25.033292,0.0,0.0,0.0,0.0,-0.0,0.0
2026-05-22T15:35:25.061737,0.0,0.0,0.0,0.0,-0.0,0.0
2026-05-22T15:35:25.062244,0.0,0.0,0.0,0.0,-0.0,0.0
2026-05-22T15:35:25.063957,0.0,0.0,0.0,0.0,-0.0,0.0
2026-05-22T15:35:25.064290,0.0,0.0,0.0,0.0,-0.0,0.0
2026-05-22T15:35:25.121774,0.0,0.0,0.0,0.0,-0.0,0.0
2026-05-22T15:35:25.122512,0.0,0.0,0.0,0.0,-0.0,0.0
2026-05-22T15:35:25.122739,0.0,0.0,0.0,0.0,-0.0,0.0
2026-05-22T15:35:25.123502,0.0,0.0,0.0,0.0,-0.0,0.0
2026-05-22T15:35:25.151962,0.0,0.0,0.0,0.0,-0.0,0.0
2026-05-22T15:35:25.152526,0.0,0.0,0.0,0.0,-0.0,0.0
2026-05-22T15:35:25.152676,0.0,0.0,0.0,0.0,-0.0,0.0
2026-05-22T15:35:25.153349,0.0,0.0,0.0,0.0,-0.0,0.0
2026-05-22T15:35:25.181356,0.0,0.0,0.0,0.0,-0.0,0.0
2026-05-22T15:35:25.182008,0.0,0.0,0.0,0.0,-0.0,0.0
2026-05-22T15:35:25.183787,0.0,0.0,0.0,0.0,-0.0,0.0
2026-05-22T15:35:25.184042,0.0,0.0,0.0,0.0,-0.0,0.0
2026-05-22T15:35:25.212440,0.0,0.0,0.0,0.0,-0.0,0.0
2026-05-22T15:35:25.213138,0.0,0.0,0.0,0.0,-0.0,0.0
2026-05-22T15:35:25.241544,0.0,0.0,0.0,0.0,-0.0,0.0
2026-05-22T15:35:25.242104,0.0,0.0,0.0,0.0,-0.0,0.0
2026-05-22T15:35:25.244015,0.0,0.0,0.0,0.0,-0.0,0.0
2026-05-22T15:35:25.244315,0.0,0.0,0.0,0.0,-0.0,0.0
2026-05-22T15:35:25.301723,0.0,0.0,0.0,0.0,-0.0,0.0
2026-05-22T15:35:25.302536,0.0,0.0,0.0,0.0,-0.0,0.0
2026-05-22T15:35:25.331417,0.0,0.0,0.0,0.0,-0.0,0.0
2026-05-22T15:35:25.331978,0.0,0.0,0.0,0.0,-0.0,0.0
2026-05-22T15:35:25.334027,0.0,0.0,0.0,0.0,-0.0,0.0
2026-05-22T15:35:25.334202,0.0,0.0,0.0,0.0,-0.0,0.0
2026-05-22T15:35:25.362701,0.0,0.0,0.0,0.0,-0.0,0.0
2026-05-22T15:35:25.363071,0.0,0.0,0.0,0.0,-0.0,0.0
2026-05-22T15:35:25.363217,0.0,0.0,0.0,0.0,-0.0,0.0
2026-05-22T15:35:25.363431,0.0,0.0,0.0,0.0,-0.0,0.0
2026-05-22T15:35:25.391823,0.0,0.0,0.0,0.0,-0.0,0.0
2026-05-22T15:35:25.392311,0.0,0.0,0.0,0.0,-0.0,0.0
2026-05-22T15:35:25.392427,0.0,0.0,0.0,0.0,-0.0,0.0
2026-05-22T15:35:25.393294,0.0,0.0,0.0,0.0,-0.0,0.0
2026-05-22T15:35:25.421440,0.0,0.0,0.0,0.0,-0.0,0.0
2026-05-22T15:35:25.422009,0.0,0.0,0.0,0.0,-0.0,0.0
2026-05-22T15:35:25.423798,0.0,0.0,0.0,0.0,-0.0,0.0
2026-05-22T15:35:25.424032,0.0,0.0,0.0,0.0,-0.0,0.0
2026-05-22T15:35:25.453140,0.0,0.0,0.0,0.0,-0.0,0.0
2026-05-22T15:35:25.453756,0.0,0.0,0.0,0.0,-0.0,0.0
2026-05-22T15:35:25.453889,0.0,0.0,0.0,0.0,-0.0,0.0
2026-05-22T15:35:25.454011,0.0,0.0,0.0,0.0,-0.0,0.0
2026-05-22T15:35:25.481258,0.0,0.0,0.0,0.0,-0.0,0.0
2026-05-22T15:35:25.482476,0.0,0.0,0.0,0.0,-0.0,0.0
2026-05-22T15:35:25.511279,0.0,0.0,0.0,0.0,-0.0,0.0
2026-05-22T15:35:25.512961,0.0,0.0,0.0,0.0,-0.0,0.0
2026-05-22T15:35:25.542315,0.0,0.0,0.0,0.0,-0.0,0.0
2026-05-22T15:35:25.542831,0.0,0.0,0.0,0.0,-0.0,0.0
2026-05-22T15:35:25.603042,0.0,0.0,0.0,0.0,-0.0,0.0
2026-05-22T15:35:25.603655,0.0,0.0,0.0,0.0,-0.0,0.0
2026-05-22T15:35:25.603804,0.0,0.0,0.0,0.0,-0.0,0.0
2026-05-22T15:35:25.603927,0.0,0.0,0.0,0.0,-0.0,0.0
2026-05-22T15:35:25.632289,0.0,0.0,0.0,0.0,-0.0,0.0
2026-05-22T15:35:25.632787,0.0,0.0,0.0,0.0,-0.0,0.0
2026-05-22T15:35:25.661616,0.0,0.0,0.0,0.0,-0.0,0.0
2026-05-22T15:35:25.662271,0.0,0.0,0.0,0.0,-0.0,0.0
2026-05-22T15:35:25.662573,0.0,0.0,0.0,0.0,-0.0,0.0
2026-05-22T15:35:25.663382,0.0,0.0,0.0,0.0,-0.0,0.0
2026-05-22T15:35:25.691887,0.0,0.0,0.0,0.0,-0.0,0.0
2026-05-22T15:35:25.692418,0.0,0.0,0.0,0.0,-0.0,0.0
2026-05-22T15:35:25.693967,0.0,0.0,0.0,0.0,-0.0,0.0
2026-05-22T15:35:25.694293,0.0,0.0,0.0,0.0,-0.0,0.0
2026-05-22T15:35:25.722931,0.0,0.0,0.0,0.0,-0.0,0.0
2026-05-22T15:35:25.723803,0.0,0.0,0.0,0.0,-0.0,0.0
2026-05-22T15:35:25.724096,0.0,0.0,0.0,0.0,-0.0,0.0
2026-05-22T15:35:25.724225,0.0,0.0,0.0,0.0,-0.0,0.0
2026-05-22T15:35:25.751736,0.0,0.0,0.0,0.0,-0.0,0.0
2026-05-22T15:35:25.752377,0.0,0.0,0.0,0.0,-0.0,0.0
2026-05-22T15:35:25.752681,0.0,0.0,0.0,0.0,-0.0,0.0
2026-05-22T15:35:25.753395,0.0,0.0,0.0,0.0,-0.0,0.0
2026-05-22T15:35:25.781260,0.0,0.0,0.0,0.0,-0.0,0.0
2026-05-22T15:35:25.782123,0.0,0.0,0.0,0.0,-0.0,0.0
2026-05-22T15:35:25.783990,0.0,0.0,0.0,0.0,-0.0,0.0
2026-05-22T15:35:25.784475,0.0,0.0,0.0,0.0,-0.0,0.0
2026-05-22T15:35:25.813221,0.0,0.0,0.0,0.0,-0.0,0.0
2026-05-22T15:35:25.814049,0.0,0.0,0.0,0.0,-0.0,0.0
2026-05-22T15:35:25.814205,0.0,0.0,0.0,0.0,-0.0,0.0
2026-05-22T15:35:25.814332,0.0,0.0,0.0,0.0,-0.0,0.0
2026-05-22T15:35:25.841587,0.0,0.0,0.0,0.0,-0.0,0.0
2026-05-22T15:35:25.842172,0.0,0.0,0.0,0.0,-0.0,0.0
2026-05-22T15:35:25.901813,0.0,0.0,0.0,0.0,-0.0,0.0
2026-05-22T15:35:25.902433,0.0,0.0,0.0,0.0,-0.0,0.0
2026-05-22T15:35:25.902596,0.0,0.0,0.0,0.0,-0.0,0.0
2026-05-22T15:35:25.903462,0.0,0.0,0.0,0.0,-0.0,0.0
2026-05-22T15:35:25.931844,0.0,0.0,0.0,0.0,-0.0,0.0
2026-05-22T15:35:25.932547,0.0,0.0,0.0,0.0,-0.0,0.0
2026-05-22T15:35:25.932855,0.0,0.0,0.0,0.0,-0.0,0.0
2026-05-22T15:35:25.962244,0.0,0.0,0.0,0.0,-0.0,0.0
2026-05-22T15:35:25.962828,0.0,0.0,0.0,0.0,-0.0,0.0
2026-05-22T15:35:25.991647,0.0,0.0,0.0,0.0,-0.0,0.0
2026-05-22T15:35:25.992256,0.0,0.0,0.0,0.0,-0.0,0.0
2026-05-22T15:35:25.993377,0.0,0.0,0.0,0.0,-0.0,0.0
2026-05-22T15:35:25.993728,0.0,0.0,0.0,0.0,-0.0,0.0
2026-05-22T15:35:26.021846,0.0,0.0,0.0,0.0,-0.0,0.0
2026-05-22T15:35:26.022515,0.0,0.0,0.0,0.0,-0.0,0.0
2026-05-22T15:35:26.022657,0.0,0.0,0.0,0.0,-0.0,0.0
2026-05-22T15:35:26.023367,0.0,0.0,0.0,0.0,-0.0,0.0
2026-05-22T15:35:26.082934,0.0,0.0,0.0,0.0,-0.0,0.0
2026-05-22T15:35:26.083396,0.0,0.0,0.0,0.0,-0.0,0.0
2026-05-22T15:35:26.112069,0.0,0.0,0.0,0.0,-0.0,0.0
2026-05-22T15:35:26.141705,0.0,0.0,0.0,0.0,-0.0,0.0
2026-05-22T15:35:26.142350,0.0,0.0,0.0,0.0,-0.0,0.0
2026-05-22T15:35:26.144385,0.0,0.0,0.0,0.0,-0.0,0.0
2026-05-22T15:35:26.144840,0.0,0.0,0.0,0.0,-0.0,0.0
2026-05-22T15:35:26.203267,0.0,0.0,0.0,0.0,-0.0,0.0
2026-05-22T15:35:26.203953,0.0,0.0,0.0,0.0,-0.0,0.0
2026-05-22T15:35:26.204152,0.0,0.0,0.0,0.0,-0.0,0.0
2026-05-22T15:35:26.204417,0.0,0.0,0.0,0.0,-0.0,0.0
2026-05-22T15:35:26.231932,0.0,0.0,0.0,0.0,-0.0,0.0
2026-05-22T15:35:26.232411,0.0,0.0,0.0,0.0,-0.0,0.0
2026-05-22T15:35:26.232541,0.0,0.0,0.0,0.0,-0.0,0.0
2026-05-22T15:35:26.233387,0.0,0.0,0.0,0.0,-0.0,0.0
2026-05-22T15:35:26.262020,0.0,0.0,0.0,0.0,-0.0,0.0
2026-05-22T15:35:26.262526,0.0,0.0,0.0,0.0,-0.0,0.0
2026-05-22T15:35:26.264375,0.0,0.0,0.0,0.0,-0.0,0.0
2026-05-22T15:35:26.264728,0.0,0.0,0.0,0.0,-0.0,0.0
2026-05-22T15:35:26.293515,0.0,0.0,0.0,0.0,-0.0,0.0
2026-05-22T15:35:26.294024,0.0,0.0,0.0,0.0,-0.0,0.0
2026-05-22T15:35:26.294147,0.0,0.0,0.0,0.0,-0.0,0.0
2026-05-22T15:35:26.294263,0.0,0.0,0.0,0.0,-0.0,0.0
2026-05-22T15:35:26.321732,0.0,0.0,0.0,0.0,-0.0,0.0
2026-05-22T15:35:26.322241,0.0,0.0,0.0,0.0,-0.0,0.0
2026-05-22T15:35:26.322438,0.0,0.0,0.0,0.0,-0.0,0.0
2026-05-22T15:35:26.323317,0.0,0.0,0.0,0.0,-0.0,0.0
2026-05-22T15:35:26.351882,0.0,0.0,0.0,0.0,-0.0,0.0
2026-05-22T15:35:26.352326,0.0,0.0,0.0,0.0,-0.0,0.0
2026-05-22T15:35:26.354222,0.0,0.0,0.0,0.0,-0.0,0.0
2026-05-22T15:35:26.354512,0.0,0.0,0.0,0.0,-0.0,0.0
2026-05-22T15:35:26.383056,0.0,0.0,0.0,0.0,-0.0,0.0
2026-05-22T15:35:26.383532,0.0,0.0,0.0,0.0,-0.0,0.0
2026-05-22T15:35:26.383647,0.0,0.0,0.0,0.0,-0.0,0.0
2026-05-22T15:35:26.383738,0.0,0.0,0.0,0.0,-0.0,0.0
2026-05-22T15:35:26.412042,0.0,0.0,0.0,0.0,-0.0,0.0
2026-05-22T15:35:26.413156,0.0,0.0,0.0,0.0,-0.0,0.0
2026-05-22T15:35:26.413607,0.0,0.0,0.0,0.0,-0.0,0.0
2026-05-22T15:35:26.415046,0.0,0.0,0.0,0.0,-0.0,0.0
2026-05-22T15:35:26.443706,0.0,0.0,0.0,0.0,-0.0,0.0
2026-05-22T15:35:26.444019,0.0,0.0,0.0,0.0,-0.0,0.0
2026-05-22T15:35:26.444690,0.0,0.0,0.0,0.0,-0.0,0.0
2026-05-22T15:35:26.503396,0.0,0.0,0.0,0.0,-0.0,0.0
2026-05-22T15:35:26.503879,0.0,0.0,0.0,0.0,-0.0,0.0
2026-05-22T15:35:26.503987,0.0,0.0,0.0,0.0,-0.0,0.0
2026-05-22T15:35:26.504390,0.0,0.0,0.0,0.0,-0.0,0.0
2026-05-22T15:35:26.533567,0.0,0.0,0.0,0.0,-0.0,0.0
2026-05-22T15:35:26.533951,0.0,0.0,0.0,0.0,-0.0,0.0
2026-05-22T15:35:26.534043,0.0,0.0,0.0,0.0,-0.0,0.0
2026-05-22T15:35:26.534900,0.0,0.0,0.0,0.0,-0.0,0.0
2026-05-22T15:35:26.562605,0.0,0.0,0.0,0.0,-0.0,0.0
2026-05-22T15:35:26.562933,0.0,0.0,0.0,0.0,-0.0,0.0
2026-05-22T15:35:26.563082,0.0,0.0,0.0,0.0,-0.0,0.0
2026-05-22T15:35:26.563319,0.0,0.0,0.0,0.0,-0.0,0.0
2026-05-22T15:35:26.591807,0.0,0.0,0.0,0.0,-0.0,0.0
2026-05-22T15:35:26.592431,0.0,0.0,0.0,0.0,-0.0,0.0
2026-05-22T15:35:26.592566,0.0,0.0,0.0,0.0,-0.0,0.0
2026-05-22T15:35:26.593340,0.0,0.0,0.0,0.0,-0.0,0.0
2026-05-22T15:35:26.621953,0.0,0.0,0.0,0.0,-0.0,0.0
2026-05-22T15:35:26.622332,0.0,0.0,0.0,0.0,-0.0,0.0
2026-05-22T15:35:26.623266,0.0,0.0,0.0,0.0,-0.0,0.0
2026-05-22T15:35:26.623488,0.0,0.0,0.0,0.0,-0.0,0.0
2026-05-22T15:35:26.652556,0.0,0.0,0.0,0.0,-0.0,0.0
2026-05-22T15:35:26.653131,0.0,0.0,0.0,0.0,-0.0,0.0
2026-05-22T15:35:26.653285,0.0,0.0,0.0,0.0,-0.0,0.0
2026-05-22T15:35:26.653907,0.0,0.0,0.0,0.0,-0.0,0.0
2026-05-22T15:35:26.682307,0.0,0.0,0.0,0.0,-0.0,0.0
2026-05-22T15:35:26.682657,0.0,0.0,0.0,0.0,-0.0,0.0
2026-05-22T15:35:26.711387,0.0,0.0,0.0,0.0,-0.0,0.0
2026-05-22T15:35:26.712592,0.0,0.0,0.0,0.0,-0.0,0.0
2026-05-22T15:35:26.712997,0.0,0.0,0.0,0.0,-0.0,0.0
2026-05-22T15:35:26.713449,0.0,0.0,0.0,0.0,-0.0,0.0
2026-05-22T15:35:26.741461,0.0,0.0,0.0,0.0,-0.0,0.0
2026-05-22T15:35:26.742350,0.0,0.0,0.0,0.0,-0.0,0.0
2026-05-22T15:35:26.742650,0.0,0.0,0.0,0.0,-0.0,0.0
2026-05-22T15:35:26.801821,0.0,0.0,0.0,0.0,-0.0,0.0
2026-05-22T15:35:26.802326,0.0,0.0,0.0,0.0,-0.0,0.0
2026-05-22T15:35:26.804745,0.0,0.0,0.0,0.0,-0.0,0.0
2026-05-22T15:35:26.805077,0.0,0.0,0.0,0.0,-0.0,0.0
2026-05-22T15:35:26.833544,0.0,0.0,0.0,0.0,-0.0,0.0
2026-05-22T15:35:26.834123,0.0,0.0,0.0,0.0,-0.0,0.0
2026-05-22T15:35:26.834257,0.0,0.0,0.0,0.0,-0.0,0.0
2026-05-22T15:35:26.834427,0.0,0.0,0.0,0.0,-0.0,0.0
2026-05-22T15:35:26.861470,0.0,0.0,0.0,0.0,-0.0,0.0
2026-05-22T15:35:26.862258,0.0,0.0,0.0,0.0,-0.0,0.0
2026-05-22T15:35:26.862356,0.0,0.0,0.0,0.0,-0.0,0.0
2026-05-22T15:35:26.864452,0.0,0.0,0.0,0.0,-0.0,0.0
2026-05-22T15:35:26.893620,0.0,0.0,0.0,0.0,-0.0,0.0
2026-05-22T15:35:26.894118,0.0,0.0,0.0,0.0,-0.0,0.0
2026-05-22T15:35:26.894637,0.0,0.0,0.0,0.0,-0.0,0.0
2026-05-22T15:35:26.923659,0.0,0.0,0.0,0.0,-0.0,0.0
2026-05-22T15:35:26.924100,0.0,0.0,0.0,0.0,-0.0,0.0
2026-05-22T15:35:26.924197,0.0,0.0,0.0,0.0,-0.0,0.0
2026-05-22T15:35:26.952554,0.0,0.0,0.0,0.0,-0.0,0.0
2026-05-22T15:35:26.953111,0.0,0.0,0.0,0.0,-0.0,0.0
2026-05-22T15:35:26.954375,0.0,0.0,0.0,0.0,-0.0,0.0
2026-05-22T15:35:26.982758,0.0,0.0,0.0,0.0,-0.0,0.0
2026-05-22T15:35:26.983167,0.0,0.0,0.0,0.0,-0.0,0.0
2026-05-22T15:35:26.983345,0.0,0.0,0.0,0.0,-0.0,0.0
2026-05-22T15:35:27.011450,0.0,0.0,0.0,0.0,-0.0,0.0
2026-05-22T15:35:27.012538,0.0,0.0,0.0,0.0,-0.0,0.0
2026-05-22T15:35:27.014114,0.0,0.0,0.0,0.0,-0.0,0.0
2026-05-22T15:35:27.131742,0.0,0.0,0.0,0.0,-0.0,0.0
2026-05-22T15:35:27.132326,0.0,0.0,0.0,0.0,-0.0,0.0
2026-05-22T15:35:27.132618,0.0,0.0,0.0,0.0,-0.0,0.0
2026-05-22T15:35:27.133338,0.0,0.0,0.0,0.0,-0.0,0.0
2026-05-22T15:35:27.191561,0.0,0.0,0.0,0.0,-0.0,0.0
2026-05-22T15:35:27.192359,0.0,0.0,0.0,0.0,-0.0,0.0
2026-05-22T15:35:27.221856,0.0,0.0,0.0,0.0,-0.0,0.0
2026-05-22T15:35:27.222598,0.0,0.0,0.0,0.0,-0.0,0.0
2026-05-22T15:35:27.222780,0.0,0.0,0.0,0.0,-0.0,0.0
2026-05-22T15:35:27.223391,0.0,0.0,0.0,0.0,-0.0,0.0
2026-05-22T15:35:27.251815,0.0,0.0,0.0,0.0,-0.0,0.0
2026-05-22T15:35:27.252269,0.0,0.0,0.0,0.0,-0.0,0.0
2026-05-22T15:35:27.253306,0.0,0.0,0.0,0.0,-0.0,0.0
2026-05-22T15:35:27.281735,0.0,0.0,0.0,0.0,-0.0,0.0
2026-05-22T15:35:27.282449,0.0,0.0,0.0,0.0,-0.0,0.0
2026-05-22T15:35:27.282621,0.0,0.0,0.0,0.0,-0.0,0.0
2026-05-22T15:35:27.283491,0.0,0.0,0.0,0.0,-0.0,0.0
2026-05-22T15:35:27.311444,0.0,0.0,0.0,0.0,-0.0,0.0
2026-05-22T15:35:27.312284,0.0,0.0,0.0,0.0,-0.0,0.0
2026-05-22T15:35:27.312506,0.0,0.0,0.0,0.0,-0.0,0.0
2026-05-22T15:35:27.313546,0.0,0.0,0.0,0.0,-0.0,0.0
2026-05-22T15:35:27.341379,0.0,0.0,0.0,0.0,-0.0,0.0
2026-05-22T15:35:27.342224,0.0,0.0,0.0,0.0,-0.0,0.0
2026-05-22T15:35:27.344186,0.0,0.0,0.0,0.0,-0.0,0.0
2026-05-22T15:35:27.344603,0.0,0.0,0.0,0.0,-0.0,0.0
2026-05-22T15:35:27.402661,0.0,0.0,0.0,0.0,-0.0,0.0
2026-05-22T15:35:27.403053,0.0,0.0,0.0,0.0,-0.0,0.0
2026-05-22T15:35:27.431723,0.0,0.0,0.0,0.0,-0.0,0.0
2026-05-22T15:35:27.432203,0.0,0.0,0.0,0.0,-0.0,0.0
2026-05-22T15:35:27.434252,0.0,0.0,0.0,0.0,-0.0,0.0
2026-05-22T15:35:27.463280,0.0,0.0,0.0,0.0,-0.0,0.0
2026-05-22T15:35:27.463997,0.0,0.0,0.0,0.0,-0.0,0.0
2026-05-22T15:35:27.464140,0.0,0.0,0.0,0.0,-0.0,0.0
2026-05-22T15:35:27.464261,0.0,0.0,0.0,0.0,-0.0,0.0
2026-05-22T15:35:27.491810,0.0,0.0,0.0,0.0,-0.0,0.0
2026-05-22T15:35:27.492389,0.0,0.0,0.0,0.0,-0.0,0.0
2026-05-22T15:35:27.493324,0.0,0.0,0.0,0.0,-0.0,0.0
2026-05-22T15:35:27.493633,0.0,0.0,0.0,0.0,-0.0,0.0
2026-05-22T15:35:27.521950,0.0,0.0,0.0,0.0,-0.0,0.0
2026-05-22T15:35:27.522674,0.0,0.0,0.0,0.0,-0.0,0.0
2026-05-22T15:35:27.522842,0.0,0.0,0.0,0.0,-0.0,0.0
2026-05-22T15:35:27.523603,0.0,0.0,0.0,0.0,-0.0,0.0
2026-05-22T15:35:27.551936,0.0,0.0,0.0,0.0,-0.0,0.0
2026-05-22T15:35:27.552398,0.0,0.0,0.0,0.0,-0.0,0.0
2026-05-22T15:35:27.582155,0.0,0.0,0.0,0.0,-0.0,0.0
2026-05-22T15:35:27.583076,0.0,0.0,0.0,0.0,-0.0,0.0
2026-05-22T15:35:27.583323,0.0,0.0,0.0,0.0,-0.0,0.0
2026-05-22T15:35:27.584387,0.0,0.0,0.0,0.0,-0.0,0.0
2026-05-22T15:35:27.612669,0.0,0.0,0.0,0.0,-0.0,0.0
2026-05-22T15:35:27.613301,0.0,0.0,0.0,0.0,-0.0,0.0
2026-05-22T15:35:27.641537,0.0,0.0,0.0,0.0,-0.0,0.0
2026-05-22T15:35:27.642463,0.0,0.0,0.0,0.0,-0.0,0.0
2026-05-22T15:35:27.642814,0.0,0.0,0.0,0.0,-0.0,0.0
2026-05-22T15:35:27.643549,0.0,0.0,0.0,0.0,-0.0,0.0
2026-05-22T15:35:27.671747,0.0,0.0,0.0,0.0,-0.0,0.0
2026-05-22T15:35:27.672572,0.0,0.0,0.0,0.0,-0.0,0.0
2026-05-22T15:35:27.701911,0.0,0.0,0.0,0.0,-0.0,0.0
2026-05-22T15:35:27.702481,0.0,0.0,0.0,0.0,-0.0,0.0
2026-05-22T15:35:27.702613,0.0,0.0,0.0,0.0,-0.0,0.0
2026-05-22T15:35:27.703349,0.0,0.0,0.0,0.0,-0.0,0.0
2026-05-22T15:35:27.731971,0.0,0.0,0.0,0.0,-0.0,0.0
2026-05-22T15:35:27.732477,0.0,0.0,0.0,0.0,-0.0,0.0
2026-05-22T15:35:27.732601,0.0,0.0,0.0,0.0,-0.0,0.0
2026-05-22T15:35:27.733304,0.0,0.0,0.0,0.0,-0.0,0.0
2026-05-22T15:35:27.762150,0.0,0.0,0.0,0.0,-0.0,0.0
2026-05-22T15:35:27.762720,0.0,0.0,0.0,0.0,-0.0,0.0
2026-05-22T15:35:27.791572,0.0,0.0,0.0,0.0,-0.0,0.0
2026-05-22T15:35:27.792347,0.0,0.0,0.0,0.0,-0.0,0.0
2026-05-22T15:35:27.792659,0.0,0.0,0.0,0.0,-0.0,0.0
2026-05-22T15:35:27.793440,0.0,0.0,0.0,0.0,-0.0,0.0
2026-05-22T15:35:27.821980,0.0,0.0,0.0,0.0,-0.0,0.0
2026-05-22T15:35:27.822583,0.0,0.0,0.0,0.0,-0.0,0.0
2026-05-22T15:35:27.823343,0.0,0.0,0.0,0.0,-0.0,0.0
2026-05-22T15:35:27.823600,0.0,0.0,0.0,0.0,-0.0,0.0
2026-05-22T15:35:27.851732,0.0,0.0,0.0,0.0,-0.0,0.0
2026-05-22T15:35:27.852314,0.0,0.0,0.0,0.0,-0.0,0.0
2026-05-22T15:35:27.852626,0.0,0.0,0.0,0.0,-0.0,0.0
2026-05-22T15:35:27.853375,0.0,0.0,0.0,0.0,-0.0,0.0
2026-05-22T15:35:27.881424,0.0,0.0,0.0,0.0,-0.0,0.0
2026-05-22T15:35:27.882348,0.0,0.0,0.0,0.0,-0.0,0.0
2026-05-22T15:35:27.882671,0.0,0.0,0.0,0.0,-0.0,0.0
2026-05-22T15:35:27.883371,0.0,0.0,0.0,0.0,-0.0,0.0
2026-05-22T15:35:27.911222,0.0,0.0,0.0,0.0,-0.0,0.0
2026-05-22T15:35:27.912439,0.0,0.0,0.0,0.0,-0.0,0.0
2026-05-22T15:35:27.913413,0.0,0.0,0.0,0.0,-0.0,0.0
2026-05-22T15:35:27.913855,0.0,0.0,0.0,0.0,-0.0,0.0
2026-05-22T15:35:27.952337,0.0,0.0,0.0,0.0,-0.0,0.0
2026-05-22T15:35:27.952675,0.0,0.0,0.0,0.0,-0.0,0.0
2026-05-22T15:35:27.952763,0.0,0.0,0.0,0.0,-0.0,0.0
2026-05-22T15:35:27.952943,0.0,0.0,0.0,0.0,-0.0,0.0
2026-05-22T15:35:28.002772,0.0,0.0,0.0,0.0,-0.0,0.0
2026-05-22T15:35:28.003246,0.0,0.0,0.0,0.0,-0.0,0.0
2026-05-22T15:35:28.031814,0.0,0.0,0.0,0.0,-0.0,0.0
2026-05-22T15:35:28.032284,0.0,0.0,0.0,0.0,-0.0,0.0
2026-05-22T15:35:28.032389,0.0,0.0,0.0,0.0,-0.0,0.0
2026-05-22T15:35:28.033810,0.0,0.0,0.0,0.0,-0.0,0.0
2026-05-22T15:35:28.062896,0.0,0.0,0.0,0.0,-0.0,0.0
2026-05-22T15:35:28.063558,0.0,0.0,0.0,0.0,-0.0,0.0
2026-05-22T15:35:28.063806,0.0,0.0,0.0,0.0,-0.0,0.0
2026-05-22T15:35:28.063969,0.0,0.0,0.0,0.0,-0.0,0.0
2026-05-22T15:35:28.091832,0.0,0.0,0.0,0.0,-0.0,0.0
2026-05-22T15:35:28.092574,0.0,0.0,0.0,0.0,-0.0,0.0
2026-05-22T15:35:28.093502,0.0,0.0,0.0,0.0,-0.0,0.0
2026-05-22T15:35:28.093885,0.0,0.0,0.0,0.0,-0.0,0.0
2026-05-22T15:35:28.121892,0.0,0.0,0.0,0.0,-0.0,0.0
2026-05-22T15:35:28.122403,0.0,0.0,0.0,0.0,-0.0,0.0
2026-05-22T15:35:28.122500,0.0,0.0,0.0,0.0,-0.0,0.0
2026-05-22T15:35:28.123305,0.0,0.0,0.0,0.0,-0.0,0.0
2026-05-22T15:35:28.181297,0.0,0.0,0.0,0.0,-0.0,0.0
2026-05-22T15:35:28.182078,0.0,0.0,0.0,0.0,-0.0,0.0
2026-05-22T15:35:28.182251,0.0,0.0,0.0,0.0,-0.0,0.0
2026-05-22T15:35:28.183178,0.0,0.0,0.0,0.0,-0.0,0.0
2026-05-22T15:35:28.241784,0.0,0.0,0.0,0.0,-0.0,0.0
2026-05-22T15:35:28.242355,0.0,0.0,0.0,0.0,-0.0,0.0
2026-05-22T15:35:28.243461,0.0,0.0,0.0,0.0,-0.0,0.0
2026-05-22T15:35:28.243807,0.0,0.0,0.0,0.0,-0.0,0.0
2026-05-22T15:35:28.302922,0.0,0.0,0.0,0.0,-0.0,0.0
2026-05-22T15:35:28.303465,0.0,0.0,0.0,0.0,-0.0,0.0
2026-05-22T15:35:28.303586,0.0,0.0,0.0,0.0,-0.0,0.0
2026-05-22T15:35:28.303686,0.0,0.0,0.0,0.0,-0.0,0.0
2026-05-22T15:35:28.334791,0.0,0.0,0.0,0.0,-0.0,0.0
2026-05-22T15:35:28.335295,0.0,0.0,0.0,0.0,-0.0,0.0
2026-05-22T15:35:28.335369,0.0,0.0,0.0,0.0,-0.0,0.0
2026-05-22T15:35:28.335546,0.0,0.0,0.0,0.0,-0.0,0.0
2026-05-22T15:35:28.361539,0.0,0.0,0.0,0.0,-0.0,0.0
2026-05-22T15:35:28.362254,0.0,0.0,0.0,0.0,-0.0,0.0
2026-05-22T15:35:28.363405,0.0,0.0,0.0,0.0,-0.0,0.0
2026-05-22T15:35:28.363721,0.0,0.0,0.0,0.0,-0.0,0.0
2026-05-22T15:35:28.391758,0.0,0.0,0.0,0.0,-0.0,0.0
2026-05-22T15:35:28.392348,0.0,0.0,0.0,0.0,-0.0,0.0
2026-05-22T15:35:28.392605,0.0,0.0,0.0,0.0,-0.0,0.0
2026-05-22T15:35:28.393396,0.0,0.0,0.0,0.0,-0.0,0.0
2026-05-22T15:35:28.421710,0.0,0.0,0.0,0.0,-0.0,0.0
2026-05-22T15:35:28.422242,0.0,0.0,0.0,0.0,-0.0,0.0
2026-05-22T15:35:28.422489,0.0,0.0,0.0,0.0,-0.0,0.0
2026-05-22T15:35:28.423354,0.0,0.0,0.0,0.0,-0.0,0.0
2026-05-22T15:35:28.451682,0.0,0.0,0.0,0.0,-0.0,0.0
2026-05-22T15:35:28.452183,0.0,0.0,0.0,0.0,-0.0,0.0
2026-05-22T15:35:28.453220,0.0,0.0,0.0,0.0,-0.0,0.0
2026-05-22T15:35:28.453468,0.0,0.0,0.0,0.0,-0.0,0.0
2026-05-22T15:35:28.481450,0.0,0.0,0.0,0.0,-0.0,0.0
2026-05-22T15:35:28.482302,0.0,0.0,0.0,0.0,-0.0,0.0
2026-05-22T15:35:28.482607,0.0,0.0,0.0,0.0,-0.0,0.0
2026-05-22T15:35:28.483440,0.0,0.0,0.0,0.0,-0.0,0.0
2026-05-22T15:35:28.513402,0.0,0.0,0.0,0.0,-0.0,0.0
2026-05-22T15:35:28.514148,0.0,0.0,0.0,0.0,-0.0,0.0
2026-05-22T15:35:28.514300,0.0,0.0,0.0,0.0,-0.0,0.0
2026-05-22T15:35:28.514423,0.0,0.0,0.0,0.0,-0.0,0.0
2026-05-22T15:35:28.543733,0.0,0.0,0.0,0.0,-0.0,0.0
2026-05-22T15:35:28.545055,0.0,0.0,0.0,0.0,-0.0,0.0
2026-05-22T15:35:28.545522,0.0,0.0,0.0,0.0,-0.0,0.0
2026-05-22T15:35:28.545738,0.0,0.0,0.0,0.0,-0.0,0.0
2026-05-22T15:35:28.602024,0.0,0.0,0.0,0.0,-0.0,0.0
2026-05-22T15:35:28.602899,0.0,0.0,0.0,0.0,-0.0,0.0
2026-05-22T15:35:28.603086,0.0,0.0,0.0,0.0,-0.0,0.0
2026-05-22T15:35:28.603975,0.0,0.0,0.0,0.0,-0.0,0.0
2026-05-22T15:35:28.631829,0.0,0.0,0.0,0.0,-0.0,0.0
2026-05-22T15:35:28.632556,0.0,0.0,0.0,0.0,-0.0,0.0
2026-05-22T15:35:28.632783,0.0,0.0,0.0,0.0,-0.0,0.0
2026-05-22T15:35:28.633357,0.0,0.0,0.0,0.0,-0.0,0.0
2026-05-22T15:35:28.661391,0.0,0.0,0.0,0.0,-0.0,0.0
2026-05-22T15:35:28.662300,0.0,0.0,0.0,0.0,-0.0,0.0
2026-05-22T15:35:28.663351,0.0,0.0,0.0,0.0,-0.0,0.0
2026-05-22T15:35:28.663688,0.0,0.0,0.0,0.0,-0.0,0.0
2026-05-22T15:35:28.692306,0.0,0.0,0.0,0.0,-0.0,0.0
2026-05-22T15:35:28.692804,0.0,0.0,0.0,0.0,-0.0,0.0
2026-05-22T15:35:28.721479,0.0,0.0,0.0,0.0,-0.0,0.0
2026-05-22T15:35:28.722322,0.0,0.0,0.0,0.0,-0.0,0.0
2026-05-22T15:35:28.723887,0.0,0.0,0.0,0.0,-0.0,0.0
2026-05-22T15:35:28.724250,0.0,0.0,0.0,0.0,-0.0,0.0
2026-05-22T15:35:28.751935,0.0,0.0,0.0,0.0,-0.0,0.0
2026-05-22T15:35:28.752491,0.0,0.0,0.0,0.0,-0.0,0.0
2026-05-22T15:35:28.752620,0.0,0.0,0.0,0.0,-0.0,0.0
2026-05-22T15:35:28.753424,0.0,0.0,0.0,0.0,-0.0,0.0
2026-05-22T15:35:28.781620,0.0,0.0,0.0,0.0,-0.0,0.0
2026-05-22T15:35:28.811582,0.0,0.0,0.0,0.0,-0.0,0.0
2026-05-22T15:35:28.812608,0.0,0.0,0.0,0.0,-0.0,0.0
2026-05-22T15:35:28.813370,0.0,0.0,0.0,0.0,-0.0,0.0
2026-05-22T15:35:28.813713,0.0,0.0,0.0,0.0,-0.0,0.0
2026-05-22T15:35:28.841713,0.0,0.0,0.0,0.0,-0.0,0.0
2026-05-22T15:35:28.842566,0.0,0.0,0.0,0.0,-0.0,0.0
2026-05-22T15:35:28.842860,0.0,0.0,0.0,0.0,-0.0,0.0
2026-05-22T15:35:28.843403,0.0,0.0,0.0,0.0,-0.0,0.0
2026-05-22T15:35:28.903330,0.0,0.0,0.0,0.0,-0.0,0.0
2026-05-22T15:35:28.904511,0.0,0.0,0.0,0.0,-0.0,0.0
2026-05-22T15:35:28.905680,0.0,0.0,0.0,0.0,-0.0,0.0
2026-05-22T15:35:28.907441,0.0,0.0,0.0,0.0,-0.0,0.0
2026-05-22T15:35:28.961620,0.0,0.0,0.0,0.0,-0.0,0.0
2026-05-22T15:35:28.962334,0.0,0.0,0.0,0.0,-0.0,0.0
2026-05-22T15:35:28.962621,0.0,0.0,0.0,0.0,-0.0,0.0
2026-05-22T15:35:28.963527,0.0,0.0,0.0,0.0,-0.0,0.0
2026-05-22T15:35:28.991924,0.0,0.0,0.0,0.0,-0.0,0.0
2026-05-22T15:35:28.992515,0.0,0.0,0.0,0.0,-0.0,0.0
2026-05-22T15:35:28.992688,0.0,0.0,0.0,0.0,-0.0,0.0
2026-05-22T15:35:28.993434,0.0,0.0,0.0,0.0,-0.0,0.0
2026-05-22T15:35:29.021611,0.0,0.0,0.0,0.0,-0.0,0.0
2026-05-22T15:35:29.021980,0.0,0.0,0.0,0.0,-0.0,0.0
2026-05-22T15:35:29.023924,0.0,0.0,0.0,0.0,-0.0,0.0
2026-05-22T15:35:29.024255,0.0,0.0,0.0,0.0,-0.0,0.0
2026-05-22T15:35:29.053253,0.0,0.0,0.0,0.0,-0.0,0.0
2026-05-22T15:35:29.053853,0.0,0.0,0.0,0.0,-0.0,0.0
2026-05-22T15:35:29.054058,0.0,0.0,0.0,0.0,-0.0,0.0
2026-05-22T15:35:29.054215,0.0,0.0,0.0,0.0,-0.0,0.0
2026-05-22T15:35:29.082124,0.0,0.0,0.0,0.0,-0.0,0.0
2026-05-22T15:35:29.082763,0.0,0.0,0.0,0.0,-0.0,0.0
2026-05-22T15:35:29.111509,0.0,0.0,0.0,0.0,-0.0,0.0
2026-05-22T15:35:29.112681,0.0,0.0,0.0,0.0,-0.0,0.0
2026-05-22T15:35:29.113211,0.0,0.0,0.0,0.0,-0.0,0.0
2026-05-22T15:35:29.113845,0.0,0.0,0.0,0.0,-0.0,0.0
2026-05-22T15:35:29.141812,0.0,0.0,0.0,0.0,-0.0,0.0
2026-05-22T15:35:29.142363,0.0,0.0,0.0,0.0,-0.0,0.0
2026-05-22T15:35:29.142652,0.0,0.0,0.0,0.0,-0.0,0.0
2026-05-22T15:35:29.143544,0.0,0.0,0.0,0.0,-0.0,0.0
2026-05-22T15:35:29.231321,0.0,0.0,0.0,0.0,-0.0,0.0
2026-05-22T15:35:29.232146,0.0,0.0,0.0,0.0,-0.0,0.0
2026-05-22T15:35:29.233791,0.0,0.0,0.0,0.0,-0.0,0.0
2026-05-22T15:35:29.234034,0.0,0.0,0.0,0.0,-0.0,0.0
2026-05-22T15:35:29.263256,0.0,0.0,0.0,0.0,-0.0,0.0
2026-05-22T15:35:29.263805,0.0,0.0,0.0,0.0,-0.0,0.0
2026-05-22T15:35:29.263950,0.0,0.0,0.0,0.0,-0.0,0.0
2026-05-22T15:35:29.291504,0.0,0.0,0.0,0.0,-0.0,0.0
2026-05-22T15:35:29.292303,0.0,0.0,0.0,0.0,-0.0,0.0
2026-05-22T15:35:29.293393,0.0,0.0,0.0,0.0,-0.0,0.0
2026-05-22T15:35:29.293854,0.0,0.0,0.0,0.0,-0.0,0.0
2026-05-22T15:35:29.321666,0.0,0.0,0.0,0.0,-0.0,0.0
2026-05-22T15:35:29.322461,0.0,0.0,0.0,0.0,-0.0,0.0
2026-05-22T15:35:29.322573,0.0,0.0,0.0,0.0,-0.0,0.0
2026-05-22T15:35:29.323554,0.0,0.0,0.0,0.0,-0.0,0.0
2026-05-22T15:35:29.352007,0.0,0.0,0.0,0.0,-0.0,0.0
2026-05-22T15:35:29.352501,0.0,0.0,0.0,0.0,-0.0,0.0
2026-05-22T15:35:29.352634,0.0,0.0,0.0,0.0,-0.0,0.0
2026-05-22T15:35:29.353404,0.0,0.0,0.0,0.0,-0.0,0.0
2026-05-22T15:35:29.382464,0.0,0.0,0.0,0.0,-0.0,0.0
2026-05-22T15:35:29.382999,0.0,0.0,0.0,0.0,-0.0,0.0
2026-05-22T15:35:29.383891,0.0,0.0,0.0,0.0,-0.0,0.0
2026-05-22T15:35:29.413348,0.0,0.0,0.0,0.0,-0.0,0.0
2026-05-22T15:35:29.413929,0.0,0.0,0.0,0.0,-0.0,0.0
2026-05-22T15:35:29.414076,0.0,0.0,0.0,0.0,-0.0,0.0
2026-05-22T15:35:29.414205,0.0,0.0,0.0,0.0,-0.0,0.0
2026-05-22T15:35:29.441430,0.0,0.0,0.0,0.0,-0.0,0.0
2026-05-22T15:35:29.442372,0.0,0.0,0.0,0.0,-0.0,0.0
2026-05-22T15:35:29.444475,0.0,0.0,0.0,0.0,-0.0,0.0
2026-05-22T15:35:29.502411,0.0,0.0,0.0,0.0,-0.0,0.0
2026-05-22T15:35:29.502911,0.0,0.0,0.0,0.0,-0.0,0.0
2026-05-22T15:35:29.531725,0.0,0.0,0.0,0.0,-0.0,0.0
2026-05-22T15:35:29.532425,0.0,0.0,0.0,0.0,-0.0,0.0
2026-05-22T15:35:29.534070,0.0,0.0,0.0,0.0,-0.0,0.0
2026-05-22T15:35:29.534503,0.0,0.0,0.0,0.0,-0.0,0.0
2026-05-22T15:35:29.563828,0.0,0.0,0.0,0.0,-0.0,0.0
2026-05-22T15:35:29.564317,0.0,0.0,0.0,0.0,-0.0,0.0
2026-05-22T15:35:29.564491,0.0,0.0,0.0,0.0,-0.0,0.0
2026-05-22T15:35:29.564606,0.0,0.0,0.0,0.0,-0.0,0.0
2026-05-22T15:35:29.593547,0.0,0.0,0.0,0.0,-0.0,0.0
2026-05-22T15:35:29.594013,0.0,0.0,0.0,0.0,-0.0,0.0
2026-05-22T15:35:29.594226,0.0,0.0,0.0,0.0,-0.0,0.0
2026-05-22T15:35:29.594361,0.0,0.0,0.0,0.0,-0.0,0.0
2026-05-22T15:35:29.630083,0.0,0.0,0.0,0.0,-0.0,0.0
2026-05-22T15:35:29.630241,0.0,0.0,0.0,0.0,-0.0,0.0
2026-05-22T15:35:29.630337,0.0,0.0,0.0,0.0,-0.0,0.0
2026-05-22T15:35:29.630373,0.0,0.0,0.0,0.0,-0.0,0.0
2026-05-22T15:35:29.652348,0.0,0.0,0.0,0.0,-0.0,0.0
2026-05-22T15:35:29.652721,0.0,0.0,0.0,0.0,-0.0,0.0
2026-05-22T15:35:29.681708,0.0,0.0,0.0,0.0,-0.0,0.0
2026-05-22T15:35:29.682326,0.0,0.0,0.0,0.0,-0.0,0.0
2026-05-22T15:35:29.712221,0.0,0.0,0.0,0.0,-0.0,0.0
2026-05-22T15:35:29.712666,0.0,0.0,0.0,0.0,-0.0,0.0
2026-05-22T15:35:29.712844,0.0,0.0,0.0,0.0,-0.0,0.0
2026-05-22T15:35:29.715007,0.0,0.0,0.0,0.0,-0.0,0.0
2026-05-22T15:35:29.742195,0.0,0.0,0.0,0.0,-0.0,0.0
2026-05-22T15:35:29.742441,0.0,0.0,0.0,0.0,-0.0,0.0
2026-05-22T15:35:29.743003,0.0,0.0,0.0,0.0,-0.0,0.0
2026-05-22T15:35:29.743154,0.0,0.0,0.0,0.0,-0.0,0.0
2026-05-22T15:35:29.803080,0.0,0.0,0.0,0.0,-0.0,0.0
2026-05-22T15:35:29.803508,0.0,0.0,0.0,0.0,-0.0,0.0
2026-05-22T15:35:29.803603,0.0,0.0,0.0,0.0,-0.0,0.0
2026-05-22T15:35:29.803688,0.0,0.0,0.0,0.0,-0.0,0.0
2026-05-22T15:35:29.832975,0.0,0.0,0.0,0.0,-0.0,0.0
2026-05-22T15:35:29.833620,0.0,0.0,0.0,0.0,-0.0,0.0
2026-05-22T15:35:29.863049,0.0,0.0,0.0,0.0,-0.0,0.0
2026-05-22T15:35:29.863324,0.0,0.0,0.0,0.0,-0.0,0.0
2026-05-22T15:35:29.863398,0.0,0.0,0.0,0.0,-0.0,0.0
2026-05-22T15:35:29.891245,0.0,0.0,0.0,0.0,-0.0,0.0
2026-05-22T15:35:29.892310,0.0,0.0,0.0,0.0,-0.0,0.0
2026-05-22T15:35:29.892409,0.0,0.0,0.0,0.0,-0.0,0.0
2026-05-22T15:35:29.893294,0.0,0.0,0.0,0.0,-0.0,0.0
2026-05-22T15:35:29.921621,0.0,0.0,0.0,0.0,-0.0,0.0
2026-05-22T15:35:29.922107,0.0,0.0,0.0,0.0,-0.0,0.0
2026-05-22T15:35:29.923929,0.0,0.0,0.0,0.0,-0.0,0.0
2026-05-22T15:35:29.924128,0.0,0.0,0.0,0.0,-0.0,0.0
2026-05-22T15:35:29.952623,0.0,0.0,0.0,0.0,-0.0,0.0
2026-05-22T15:35:29.952937,0.0,0.0,0.0,0.0,-0.0,0.0
2026-05-22T15:35:29.953028,0.0,0.0,0.0,0.0,-0.0,0.0
2026-05-22T15:35:29.953645,0.0,0.0,0.0,0.0,-0.0,0.0
2026-05-22T15:35:29.982927,0.0,0.0,0.0,0.0,-0.0,0.0
2026-05-22T15:35:29.983220,0.0,0.0,0.0,0.0,-0.0,0.0
2026-05-22T15:35:30.011514,0.0,0.0,0.0,0.0,-0.0,0.0
2026-05-22T15:35:30.012035,0.0,0.0,0.0,0.0,-0.0,0.0
2026-05-22T15:35:30.014243,0.0,0.0,0.0,0.0,-0.0,0.0
2026-05-22T15:35:30.042429,0.0,0.0,0.0,0.0,-0.0,0.0
2026-05-22T15:35:30.042807,0.0,0.0,0.0,0.0,-0.0,0.0
2026-05-22T15:35:30.043026,0.0,0.0,0.0,0.0,-0.0,0.0
2026-05-22T15:35:30.043105,0.0,0.0,0.0,0.0,-0.0,0.0
2026-05-22T15:35:30.101670,0.0,0.0,0.0,0.0,-0.0,0.0
2026-05-22T15:35:30.102450,0.0,0.0,0.0,0.0,-0.0,0.0
2026-05-22T15:35:30.131702,0.0,0.0,0.0,0.0,-0.0,0.0
2026-05-22T15:35:30.132307,0.0,0.0,0.0,0.0,-0.0,0.0
2026-05-22T15:35:30.162130,0.0,0.0,0.0,0.0,-0.0,0.0
2026-05-22T15:35:30.162802,0.0,0.0,0.0,0.0,-0.0,0.0
2026-05-22T15:35:30.192992,0.0,0.0,0.0,0.0,-0.0,0.0
2026-05-22T15:35:30.193409,0.0,0.0,0.0,0.0,-0.0,0.0
2026-05-22T15:35:30.193520,0.0,0.0,0.0,0.0,-0.0,0.0
2026-05-22T15:35:30.193603,0.0,0.0,0.0,0.0,-0.0,0.0
2026-05-22T15:35:30.222390,0.0,0.0,0.0,0.0,-0.0,0.0
2026-05-22T15:35:30.223793,0.0,0.0,0.0,0.0,-0.0,0.0
2026-05-22T15:35:30.224063,0.0,0.0,0.0,0.0,-0.0,0.0
2026-05-22T15:35:30.225472,0.0,0.0,0.0,0.0,-0.0,0.0
2026-05-22T15:35:30.281600,0.0,0.0,0.0,0.0,-0.0,0.0
2026-05-22T15:35:30.282076,0.0,0.0,0.0,0.0,-0.0,0.0
2026-05-22T15:35:30.283286,0.0,0.0,0.0,0.0,-0.0,0.0
2026-05-22T15:35:30.283557,0.0,0.0,0.0,0.0,-0.0,0.0
2026-05-22T15:35:30.311673,0.0,0.0,0.0,0.0,-0.0,0.0
2026-05-22T15:35:30.312772,0.0,0.0,0.0,0.0,-0.0,0.0
